metapath	abbrev	dwwc	dwwc-nocache	recursive	recursive-nocache	chain	chain-nocache
CtD	CtD	0.012113	0.010203	0.015093	0.0096977	0.0050375	0.0091026
CpD	CpD	0.0052047	0.0044987	0.0049503	0.0053053	0.0047839	0.004607
CbGuD	CbGuD	0.02866	0.027946	0.044667	0.031032	0.015608	0.029849
CbGaD	CbGaD	0.019062	0.018711	0.020574	0.020411	0.019298	0.019199
CbGdD	CbGdD	0.022728	0.017297	0.018483	0.01762	0.019113	0.016835
CtDrD	CtDrD	0.015735	0.010458	0.010266	0.010146	0.010478	0.010197
CpDrD	CpDrD	0.010244	0.010016	0.0058246	0.0099449	0.009726	0.0096791
CdGuD	CdGuD	0.018583	0.018245	0.010848	0.018449	0.017209	0.01644
CdGaD	CdGaD	0.018493	0.018258	0.011296	0.018365	0.017008	0.016701
CdGdD	CdGdD	0.018094	0.017245	0.010066	0.016804	0.015943	0.017362
CuGuD	CuGuD	0.018135	0.017056	0.010166	0.019169	0.020195	0.021867
CuGaD	CuGaD	0.022149	0.021697	0.013205	0.023389	0.02291	0.024009
CuGdD	CuGdD	0.024532	0.023201	0.014349	0.023653	0.02159	0.020827
CrCtD	CrCtD	0.015826	0.016002	0.0089231	0.016905	0.016618	0.014258
CrCpD	CrCpD	0.012486	0.012602	0.0075481	0.013364	0.01291	0.011057
CbGuCtD	CbGuCtD	0.028823	0.028349	0.023948	0.028157	0.024448	0.02271
CbGuCpD	CbGuCpD	0.02429	0.024458	0.018802	0.022886	0.021501	0.021344
CbGuDrD	CbGuDrD	0.024459	0.022568	0.019826	0.023265	0.020586	0.021285
CbGbCtD	CbGbCtD	0.048168	0.048585	0.02698	0.029285	0.030162	0.029392
CbGbCpD	CbGbCpD	0.064241	0.064988	0.02848	0.032827	0.030281	0.034927
CbGeAlD	CbGeAlD	0.10858	0.10183	0.2576	0.24536	0.14405	0.12888
CbG<rGuD	CbG<rGuD	0.066028	0.061966	0.053186	0.059941	0.063815	0.070479
CbG<rGaD	CbG<rGaD	0.078502	0.069169	0.059765	0.068461	0.05951	0.063968
CbG<rGdD	CbG<rGdD	0.066632	0.060767	0.05031	0.058215	0.055834	0.054295
CbGaDrD	CbGaDrD	0.029133	0.028017	0.027459	0.031398	0.026878	0.028407
CbGcGuD	CbGcGuD	0.044834	0.044883	0.040254	0.04875	0.050954	0.053627
CbGcGaD	CbGcGaD	0.057144	0.056082	0.043581	0.054342	0.055529	0.044304
CbGcGdD	CbGcGdD	0.045408	0.046928	0.036647	0.046252	0.041852	0.043991
CbGuAlD	CbGuAlD	0.039358	0.036593	0.08409	0.07788	0.05635	0.063919
CbGdAlD	CbGdAlD	0.050661	0.051274	0.082776	0.082029	0.060113	0.0579
CbGiGuD	CbGiGuD	0.075486	0.066978	0.059244	0.065978	0.064145	0.062993
CbGiGaD	CbGiGaD	0.081224	0.076743	0.067167	0.080504	0.073702	0.070825
CbGiGdD	CbGiGdD	0.069246	0.074725	0.056173	0.0626	0.0645	0.059673
CbGr>GuD	CbGr>GuD	0.065281	0.063854	0.053997	0.077671	0.077258	0.082818
CbGr>GaD	CbGr>GaD	0.08863	0.085597	0.08129	0.093112	0.076845	0.081788
CbGr>GdD	CbGr>GdD	0.093159	0.085654	0.07167	0.083526	0.062734	0.051203
CbGdCtD	CbGdCtD	0.025316	0.023414	0.021353	0.026789	0.025693	0.025951
CbGdCpD	CbGdCpD	0.030081	0.032141	0.028558	0.034153	0.036107	0.032471
CbGdDrD	CbGdDrD	0.03129	0.033908	0.036269	0.039577	0.033315	0.045985
CtDtCtD	CtDtCtD	0.023894	0.022352	0.013271	0.017198	0.016139	0.017044
CtDtCpD	CtDtCpD	0.017452	0.016961	0.011816	0.0152	0.015447	0.015692
CtDuGuD	CtDuGuD	0.02645	0.028638	0.017611	0.025636	0.023615	0.02407
CtDuGaD	CtDuGaD	0.027124	0.025776	0.016012	0.026845	0.025414	0.024998
CtDuGdD	CtDuGdD	0.026387	0.026968	0.016624	0.025996	0.026347	0.029486
CtDpCtD	CtDpCtD	0.017501	0.015369	0.0063739	0.01629	0.015414	0.016078
CtDpCpD	CtDpCpD	0.01702	0.016387	0.012768	0.017679	0.015866	0.016203
CtDpSpD	CtDpSpD	0.022143	0.021076	0.023447	0.021098	0.020103	0.021566
CtDdGuD	CtDdGuD	0.027826	0.024272	0.0067003	0.023936	0.023878	0.021828
CtDdGaD	CtDdGaD	0.025627	0.02723	0.017565	0.025857	0.024782	0.025761
CtDdGdD	CtDdGdD	0.032311	0.032895	0.020366	0.02843	0.026142	0.025257
CtDaGuD	CtDaGuD	0.033517	0.03223	0.0078197	0.028111	0.026631	0.026561
CtDaGaD	CtDaGaD	0.039823	0.046213	0.020607	0.027194	0.026083	0.028166
CtDaGdD	CtDaGdD	0.03615	0.030874	0.0071378	0.025562	0.024383	0.023682
CtDlAlD	CtDlAlD	0.022284	0.02061	0.015602	0.018556	0.017703	0.017463
CtDrDrD	CtDrDrD	0.01895	0.017115	0.012703	0.016266	0.014897	0.015614
CiPCiCtD	CiPCiCtD	0.018669	0.020167	0.01697	0.017273	0.014621	0.017173
CiPCiCpD	CiPCiCpD	0.019933	0.018022	0.013054	0.016005	0.015209	0.015072
CpDtCtD	CpDtCtD	0.015615	0.015938	0.0059071	0.01514	0.014324	0.014194
CpDtCpD	CpDtCpD	0.017133	0.01683	0.0059719	0.016257	0.015197	0.014766
CpDuGuD	CpDuGuD	0.023264	0.023732	0.0064385	0.022869	0.021975	0.021733
CpDuGaD	CpDuGaD	0.026471	0.025084	0.0064759	0.022845	0.022508	0.022445
CpDuGdD	CpDuGdD	0.026718	0.024768	0.0069659	0.022241	0.022164	0.022468
CpDpCtD	CpDpCtD	0.017959	0.017113	0.0069776	0.016195	0.015187	0.015431
CpDpCpD	CpDpCpD	0.015906	0.014513	0.0055563	0.014561	0.01486	0.014539
CpDpSpD	CpDpSpD	0.021395	0.019897	0.0081699	0.018473	0.017667	0.018272
CpDdGuD	CpDdGuD	0.025671	0.023754	0.0060179	0.022835	0.022216	0.021715
CpDdGaD	CpDdGaD	0.029526	0.029325	0.0083413	0.031951	0.028175	0.029006
CpDdGdD	CpDdGdD	0.035208	0.032825	0.0066321	0.028403	0.026131	0.027135
CpDaGuD	CpDaGuD	0.033834	0.033796	0.0070736	0.030459	0.027909	0.029707
CpDaGaD	CpDaGaD	0.033406	0.026723	0.0072713	0.024274	0.027407	0.027955
CpDaGdD	CpDaGdD	0.037848	0.033589	0.0082097	0.03553	0.028251	0.026613
CpDlAlD	CpDlAlD	0.021196	0.018124	0.0073597	0.017909	0.018485	0.021132
CpDrDrD	CpDrDrD	0.025228	0.019037	0.0076547	0.021352	0.020179	0.018942
CcSEcCtD	CcSEcCtD	0.19609	0.18801	0.069255	0.068997	0.060426	0.063596
CcSEcCpD	CcSEcCpD	0.1884	0.18075	0.053351	0.065418	0.056075	0.050845
CdGuCtD	CdGuCtD	0.03074	0.027826	0.012109	0.02615	0.026955	0.028044
CdGuCpD	CdGuCpD	0.029771	0.028856	0.012732	0.02735	0.024164	0.023963
CdGuDrD	CdGuDrD	0.030062	0.025049	0.013858	0.028087	0.024966	0.025522
CdGbCtD	CdGbCtD	0.025238	0.02635	0.010695	0.02529	0.023506	0.021065
CdGbCpD	CdGbCpD	0.025657	0.024641	0.010415	0.023647	0.022285	0.02161
CdGeAlD	CdGeAlD	0.081363	0.073136	0.065697	0.17564	0.12368	0.11826
CdG<rGuD	CdG<rGuD	0.14666	0.14635	0.0161	0.063794	0.056873	0.068027
CdG<rGaD	CdG<rGaD	0.16782	0.1542	0.023584	0.074528	0.068658	0.067056
CdG<rGdD	CdG<rGdD	0.15105	0.13812	0.015053	0.060943	0.056252	0.055983
CdGaDrD	CdGaDrD	0.028587	0.027675	0.013987	0.02836	0.025206	0.026375
CdGcGuD	CdGcGuD	0.053658	0.051379	0.01159	0.043708	0.041834	0.040406
CdGcGaD	CdGcGaD	0.052469	0.049229	0.011616	0.045241	0.042655	0.042231
CdGcGdD	CdGcGdD	0.057953	0.051577	0.014	0.044655	0.041275	0.041264
CdGuAlD	CdGuAlD	0.038228	0.034333	0.037471	0.0812	0.053962	0.058595
CdGdAlD	CdGdAlD	0.041644	0.039075	0.032285	0.079223	0.055333	0.055907
CdGiGuD	CdGiGuD	0.087011	0.082773	0.014012	0.064233	0.062074	0.063642
CdGiGaD	CdGiGaD	0.090571	0.081796	0.022807	0.076328	0.070524	0.070266
CdGiGdD	CdGiGdD	0.089964	0.081813	0.015599	0.064675	0.062151	0.058949
CdGr>GuD	CdGr>GuD	0.090232	0.084562	0.016196	0.059591	0.054464	0.053078
CdGr>GaD	CdGr>GaD	0.095088	0.090822	0.019284	0.07264	0.062624	0.062327
CdGr>GdD	CdGr>GdD	0.094803	0.084749	0.013596	0.060708	0.05367	0.054643
CdGdCtD	CdGdCtD	0.037007	0.034327	0.014009	0.028645	0.027189	0.02818
CdGdCpD	CdGdCpD	0.037959	0.033296	0.011667	0.026334	0.025404	0.023822
CdGdDrD	CdGdDrD	0.030185	0.026452	0.012614	0.027127	0.022342	0.023776
CuGuCtD	CuGuCtD	0.03425	0.030497	0.012883	0.028127	0.02732	0.026846
CuGuCpD	CuGuCpD	0.034804	0.031244	0.011118	0.025182	0.025515	0.025381
CuGuDrD	CuGuDrD	0.028325	0.02573	0.013601	0.02855	0.024238	0.023718
CuGbCtD	CuGbCtD	0.027189	0.025932	0.010864	0.02385	0.022815	0.024419
CuGbCpD	CuGbCpD	0.028741	0.024945	0.010297	0.02438	0.02386	0.022543
CuGeAlD	CuGeAlD	0.075986	0.065542	0.069917	0.18112	0.12945	0.13182
CuG<rGuD	CuG<rGuD	0.12798	0.12097	0.014622	0.062736	0.058159	0.060237
CuG<rGaD	CuG<rGaD	0.16968	0.12496	0.020984	0.071556	0.065974	0.066793
CuG<rGdD	CuG<rGdD	0.12445	0.12215	0.015169	0.058568	0.05824	0.05577
CuGaDrD	CuGaDrD	0.029985	0.026542	0.013872	0.031078	0.025161	0.024729
CuGcGuD	CuGcGuD	0.052765	0.047483	0.01151	0.052057	0.047607	0.042187
CuGcGaD	CuGcGaD	0.05366	0.047659	0.012543	0.048068	0.043305	0.047345
CuGcGdD	CuGcGdD	0.060505	0.04876	0.012631	0.044826	0.04228	0.041799
CuGuAlD	CuGuAlD	0.04273	0.040181	0.039078	0.075961	0.057462	0.057971
CuGdAlD	CuGdAlD	0.03925	0.036271	0.038385	0.078218	0.056695	0.059861
CuGiGuD	CuGiGuD	0.085186	0.076662	0.015195	0.064846	0.06204	0.058699
CuGiGaD	CuGiGaD	0.088019	0.08259	0.019573	0.080915	0.073319	0.067258
CuGiGdD	CuGiGdD	0.081697	0.078612	0.013417	0.067841	0.060292	0.060688
CuGr>GuD	CuGr>GuD	0.08617	0.083903	0.013978	0.059988	0.05634	0.056849
CuGr>GaD	CuGr>GaD	0.091343	0.084682	0.02097	0.070009	0.065583	0.06015
CuGr>GdD	CuGr>GdD	0.083143	0.078584	0.013807	0.058735	0.054901	0.054731
CuGdCtD	CuGdCtD	0.033834	0.028507	0.013554	0.027127	0.024769	0.026104
CuGdCpD	CuGdCpD	0.029654	0.028188	0.010915	0.027092	0.025129	0.024201
CuGdDrD	CuGdDrD	0.028055	0.026149	0.013393	0.027649	0.024051	0.025551
CrCbGuD	CrCbGuD	0.032413	0.027373	0.0083458	0.026259	0.025629	0.024508
CrCbGaD	CrCbGaD	0.03633	0.032917	0.011677	0.02907	0.027562	0.028829
CrCbGdD	CrCbGdD	0.033914	0.025641	0.0085931	0.024388	0.023712	0.022483
CrCtDrD	CrCtDrD	0.019619	0.018793	0.0083942	0.018053	0.016649	0.016569
CrCpDrD	CrCpDrD	0.01711	0.017542	0.0079916	0.018628	0.017162	0.016495
CrCdGuD	CrCdGuD	0.034039	0.032071	0.0090182	0.028204	0.025206	0.026546
CrCdGaD	CrCdGaD	0.036783	0.031246	0.0098505	0.027632	0.027414	0.02692
CrCdGdD	CrCdGdD	0.034957	0.032207	0.0088019	0.026749	0.027403	0.028201
CrCuGuD	CrCuGuD	0.034193	0.031528	0.008975	0.027706	0.025113	0.025792
CrCuGaD	CrCuGaD	0.036015	0.034395	0.010105	0.029453	0.028605	0.027079
CrCuGdD	CrCuGdD	0.034748	0.032114	0.0093548	0.025263	0.023781	0.025304
CrCrCtD	CrCrCtD	0.025527	0.023046	0.007941	0.018624	0.019719	0.019698
CrCrCpD	CrCrCpD	0.025002	0.023076	0.0081668	0.020257	0.019674	0.018333
CbGuCbGuD	CbGuCbGuD	0.04323	0.041279	0.022572	0.038362	0.038264	0.035156
CbGuCbGaD	CbGuCbGaD	0.047023	0.044066	0.03119	0.051808	0.042502	0.044251
CbGuCbGdD	CbGuCbGdD	0.045426	0.040417	0.023697	0.038547	0.035279	0.035464
CbGuCtDrD	CbGuCtDrD	0.032231	0.029598	0.025797	0.034077	0.030967	0.031626
CbGuCpDrD	CbGuCpDrD	0.031283	0.030472	0.021735	0.030097	0.026464	0.027222
CbGuCdGuD	CbGuCdGuD	0.076091	0.069995	0.025851	0.044822	0.040835	0.039476
CbGuCdGaD	CbGuCdGaD	0.077051	0.071154	0.033611	0.053195	0.044522	0.046829
CbGuCdGdD	CbGuCdGdD	0.069072	0.067667	0.024734	0.043635	0.038604	0.040699
CbGuCuGuD	CbGuCuGuD	0.074919	0.06824	0.025618	0.045025	0.040615	0.040059
CbGuCuGaD	CbGuCuGaD	0.078957	0.070159	0.03579	0.055822	0.047551	0.053218
CbGuCuGdD	CbGuCuGdD	0.076663	0.068524	0.028216	0.043558	0.040459	0.038689
CbGuCrCtD	CbGuCrCtD	0.035973	0.033504	0.023109	0.03289	0.030288	0.032294
CbGuCrCpD	CbGuCrCpD	0.038972	0.031576	0.02084	0.031099	0.029856	0.031618
CbGuDtCtD	CbGuDtCtD	0.035144	0.03036	0.024563	0.031838	0.027498	0.027222
CbGuDtCpD	CbGuDtCpD	0.033842	0.030245	0.019354	0.030829	0.029842	0.029399
CbGuDuGuD	CbGuDuGuD	0.081194	0.064018	0.03009	0.0446	0.039274	0.040001
CbGuDuGaD	CbGuDuGaD	0.080717	0.072159	0.047801	0.064524	0.043164	0.039612
CbGuDuGdD	CbGuDuGdD	0.066782	0.065044	0.028323	0.054946	0.040275	0.035551
CbGuDpCtD	CbGuDpCtD	0.034968	0.027979	0.019877	0.031203	0.028493	0.0273
CbGuDpCpD	CbGuDpCpD	0.033317	0.030138	0.020199	0.029636	0.030728	0.028624
CbGuDpSpD	CbGuDpSpD	0.045136	0.040612	0.04212	0.058409	0.032747	0.033292
CbGuDdGuD	CbGuDdGuD	0.065974	0.062822	0.026043	0.044324	0.037435	0.036149
CbGuDdGaD	CbGuDdGaD	0.0707	0.060923	0.040788	0.056407	0.041794	0.038992
CbGuDdGdD	CbGuDdGdD	0.071385	0.065104	0.028447	0.040602	0.035221	0.036362
CbGuDaGuD	CbGuDaGuD	0.053564	0.051194	0.025081	0.042655	0.034886	0.035359
CbGuDaGaD	CbGuDaGaD	0.067708	0.062984	0.041862	0.063509	0.041242	0.043795
CbGuDaGdD	CbGuDaGdD	0.056557	0.05355	0.025951	0.046733	0.039385	0.035875
CbGuDlAlD	CbGuDlAlD	0.04092	0.036297	0.043158	0.053135	0.03376	0.034058
CbGuDrDrD	CbGuDrDrD	0.034548	0.032213	0.029236	0.03806	0.031749	0.029987
CbGpPWpGuD	CbGpPWpGuD	0.26965	0.26278	0.077559	0.080565	0.062789	0.067746
CbGpPWpGaD	CbGpPWpGaD	0.28113	0.26886	0.1301	0.13674	0.095554	0.094933
CbGpPWpGdD	CbGpPWpGdD	0.25922	0.25567	0.06901	0.075581	0.060422	0.06254
CbGbCbGuD	CbGbCbGuD	0.10722	0.09845	0.022532	0.039523	0.037989	0.035993
CbGbCbGaD	CbGbCbGaD	0.11408	0.10644	0.033136	0.048873	0.047307	0.045029
CbGbCbGdD	CbGbCbGdD	0.10537	0.099903	0.025206	0.040068	0.037681	0.042054
CbGbCtDrD	CbGbCtDrD	0.06495	0.057923	0.027411	0.038805	0.036893	0.036158
CbGbCpDrD	CbGbCpDrD	0.061228	0.056356	0.02676	0.035416	0.035978	0.035079
CbGbCdGuD	CbGbCdGuD	0.1747	0.16545	0.024997	0.041085	0.039625	0.040186
CbGbCdGaD	CbGbCdGaD	0.18282	0.17012	0.031262	0.046222	0.04506	0.043716
CbGbCdGdD	CbGbCdGdD	0.17602	0.16541	0.023299	0.040538	0.039015	0.04108
CbGbCuGuD	CbGbCuGuD	0.1798	0.16373	0.024574	0.040382	0.037176	0.03993
CbGbCuGaD	CbGbCuGaD	0.18812	0.17981	0.033486	0.05082	0.04932	0.047847
CbGbCuGdD	CbGbCuGdD	0.18189	0.17215	0.024422	0.042732	0.039254	0.038666
CbGbCrCtD	CbGbCrCtD	0.10513	0.097927	0.024204	0.035498	0.033641	0.033651
CbGbCrCpD	CbGbCrCpD	0.10207	0.094461	0.021523	0.031971	0.029482	0.031188
CbGpCCpGuD	CbGpCCpGuD	0.27272	0.2775	0.082031	0.083017	0.062041	0.06473
CbGpCCpGaD	CbGpCCpGaD	0.29055	0.27713	0.13029	0.13774	0.092691	0.094692
CbGpCCpGdD	CbGpCCpGdD	0.27783	0.2769	0.077538	0.080955	0.065463	0.062774
CbGeAuGuD	CbGeAuGuD	1.129	1.0991	0.12236	0.13084	0.12263	0.11858
CbGeAuGaD	CbGeAuGaD	1.1267	1.1193	0.25723	0.25594	0.23138	0.22877
CbGeAuGdD	CbGeAuGdD	1.1303	1.1114	0.13051	0.14052	0.12501	0.12629
CbGeAdGuD	CbGeAdGuD	1.0836	1.0735	0.1297	0.13845	0.12795	0.12411
CbGeAdGaD	CbGeAdGaD	1.0957	1.0832	0.25669	0.2615	0.22948	0.23016
CbGeAdGdD	CbGeAdGdD	1.0877	1.0638	0.12554	0.13347	0.12254	0.12085
CbGeAlDrD	CbGeAlDrD	0.094759	0.08269	0.24668	0.23141	0.18611	0.1878
CbGeAeGuD	CbGeAeGuD	2.3119	2.3121	0.17609	0.18159	0.16972	0.16909
CbGeAeGaD	CbGeAeGaD	2.3508	2.3285	0.34515	0.35065	0.32402	0.32373
CbGeAeGdD	CbGeAeGdD	2.3211	2.3159	0.1721	0.17908	0.16705	0.16843
CbG<rGuCtD	CbG<rGuCtD	0.085374	0.078411	0.065389	0.078673	0.071927	0.070279
CbG<rGuCpD	CbG<rGuCpD	0.08734	0.079612	0.048923	0.06577	0.060494	0.060647
CbG<rGuDrD	CbG<rGuDrD	0.077303	0.071353	0.070762	0.085565	0.063557	0.0625
CbG<rGbCtD	CbG<rGbCtD	0.078331	0.074545	0.049354	0.064017	0.061858	0.058717
CbG<rGbCpD	CbG<rGbCpD	0.076705	0.072407	0.044541	0.062081	0.05596	0.057631
CbG<rGeAlD	CbG<rGeAlD	0.14289	0.13433	0.21086	0.32375	0.24806	0.25273
CbG<rG<rGuD	CbG<rG<rGuD	0.23632	0.23348	0.070201	0.11729	0.10814	0.10881
CbG<rG<rGaD	CbG<rG<rGaD	0.24671	0.23957	0.11074	0.16097	0.1375	0.13648
CbG<rG<rGdD	CbG<rG<rGdD	0.23503	0.22835	0.069244	0.11632	0.10787	0.1074
CbG<rGaDrD	CbG<rGaDrD	0.082942	0.076009	0.08541	0.1039	0.072093	0.071694
CbG<rGcGuD	CbG<rGcGuD	0.12585	0.11987	0.05788	0.090861	0.083785	0.083781
CbG<rGcGaD	CbG<rGcGaD	0.12747	0.12487	0.064193	0.10021	0.08952	0.08981
CbG<rGcGdD	CbG<rGcGdD	0.12528	0.12166	0.055704	0.09145	0.084487	0.08492
CbG<rGuAlD	CbG<rGuAlD	0.093417	0.085284	0.1408	0.187	0.13942	0.14484
CbG<rGdAlD	CbG<rGdAlD	0.093964	0.086312	0.13932	0.18929	0.14082	0.14226
CbG<rGiGuD	CbG<rGiGuD	0.25761	0.25631	0.069985	0.12599	0.11176	0.11238
CbG<rGiGaD	CbG<rGiGaD	0.27184	0.2593	0.11364	0.17041	0.14272	0.14234
CbG<rGiGdD	CbG<rGiGdD	0.25835	0.2532	0.071493	0.12398	0.11142	0.1085
CbG<rGr>GuD	CbG<rGr>GuD	0.28558	0.27927	0.080516	0.12535	0.11547	0.11516
CbG<rGr>GaD	CbG<rGr>GaD	0.30577	0.29195	0.13736	0.18338	0.14986	0.14464
CbG<rGr>GdD	CbG<rGr>GdD	0.27943	0.27656	0.078177	0.12462	0.11289	0.1125
CbG<rGdCtD	CbG<rGdCtD	0.085124	0.078338	0.062059	0.079781	0.069957	0.068794
CbG<rGdCpD	CbG<rGdCpD	0.082796	0.079707	0.050591	0.063309	0.063464	0.060145
CbG<rGdDrD	CbG<rGdDrD	0.074917	0.071509	0.065989	0.079922	0.064825	0.063429
CbGaDtCtD	CbGaDtCtD	0.044707	0.042475	0.02925	0.039027	0.034775	0.033707
CbGaDtCpD	CbGaDtCpD	0.044622	0.041624	0.022126	0.031745	0.032773	0.029822
CbGaDuGuD	CbGaDuGuD	0.12592	0.12392	0.029859	0.044649	0.039619	0.038658
CbGaDuGaD	CbGaDuGaD	0.12143	0.10731	0.043457	0.056808	0.045714	0.044077
CbGaDuGdD	CbGaDuGdD	0.10458	0.10082	0.029769	0.046221	0.038596	0.040365
CbGaDpCtD	CbGaDpCtD	0.037991	0.037479	0.023587	0.031768	0.030107	0.031315
CbGaDpCpD	CbGaDpCpD	0.039885	0.036533	0.024809	0.033087	0.03054	0.032022
CbGaDpSpD	CbGaDpSpD	0.064439	0.061463	0.05478	0.067403	0.046341	0.045355
CbGaDdGuD	CbGaDdGuD	0.10912	0.11349	0.029353	0.046282	0.039799	0.038785
CbGaDdGaD	CbGaDdGaD	0.12399	0.11736	0.042873	0.056929	0.046055	0.044888
CbGaDdGdD	CbGaDdGdD	0.11716	0.1225	0.028181	0.045644	0.040988	0.039055
CbGaDaGuD	CbGaDaGuD	0.18593	0.1786	0.03182	0.04992	0.042157	0.04154
CbGaDaGaD	CbGaDaGaD	0.20379	0.18754	0.055936	0.074007	0.052085	0.053739
CbGaDaGdD	CbGaDaGdD	0.16301	0.17539	0.031247	0.048914	0.040914	0.042212
CbGaDlAlD	CbGaDlAlD	0.065472	0.062211	0.057099	0.066132	0.046469	0.044162
CbGaDrDrD	CbGaDrDrD	0.046044	0.043006	0.039978	0.049971	0.038374	0.0391
CbGcGuCtD	CbGcGuCtD	0.060297	0.057462	0.040904	0.057746	0.05149	0.053374
CbGcGuCpD	CbGcGuCpD	0.060697	0.053699	0.035838	0.051214	0.047808	0.049363
CbGcGuDrD	CbGcGuDrD	0.058228	0.055446	0.049747	0.062786	0.053216	0.049917
CbGcGbCtD	CbGcGbCtD	0.057775	0.051148	0.03739	0.048372	0.049058	0.046152
CbGcGbCpD	CbGcGbCpD	0.056563	0.050039	0.039796	0.050665	0.047395	0.047225
CbGcGeAlD	CbGcGeAlD	0.11201	0.10877	0.17664	0.28457	0.19802	0.19824
CbGcG<rGuD	CbGcG<rGuD	0.12339	0.11557	0.048139	0.092691	0.085748	0.084371
CbGcG<rGaD	CbGcG<rGaD	0.12487	0.12261	0.062944	0.11689	0.098833	0.098638
CbGcG<rGdD	CbGcG<rGdD	0.12278	0.11418	0.045213	0.093014	0.08501	0.088205
CbGcGaDrD	CbGcGaDrD	0.061939	0.056029	0.053211	0.066799	0.054257	0.052978
CbGcGcGuD	CbGcGcGuD	0.12992	0.12204	0.055751	0.087978	0.078158	0.079199
CbGcGcGaD	CbGcGcGaD	0.13314	0.12916	0.072826	0.10648	0.090517	0.091209
CbGcGcGdD	CbGcGcGdD	0.12751	0.12882	0.05341	0.089793	0.080252	0.080049
CbGcGuAlD	CbGcGuAlD	0.072711	0.066611	0.12184	0.16335	0.11304	0.11343
CbGcGdAlD	CbGcGdAlD	0.07165	0.068634	0.11871	0.16334	0.11381	0.11146
CbGcGiGuD	CbGcGiGuD	0.11039	0.10687	0.047482	0.096655	0.086806	0.087286
CbGcGiGaD	CbGcGiGaD	0.11376	0.11129	0.069533	0.12941	0.10735	0.10726
CbGcGiGdD	CbGcGiGdD	0.1162	0.11133	0.047266	0.098674	0.090142	0.089211
CbGcGr>GuD	CbGcGr>GuD	0.10715	0.10328	0.052458	0.093234	0.077804	0.077775
CbGcGr>GaD	CbGcGr>GaD	0.10322	0.099868	0.061895	0.10978	0.090729	0.090308
CbGcGr>GdD	CbGcGr>GdD	0.10122	0.10288	0.045322	0.091203	0.081348	0.082197
CbGcGdCtD	CbGcGdCtD	0.056795	0.054031	0.037333	0.05447	0.048436	0.051356
CbGcGdCpD	CbGcGdCpD	0.055835	0.053377	0.033901	0.049853	0.045498	0.04701
CbGcGdDrD	CbGcGdDrD	0.055358	0.053272	0.044793	0.061397	0.048055	0.051143
CbGuAuGuD	CbGuAuGuD	1.0846	1.0665	0.06033	0.085284	0.07222	0.073206
CbGuAuGaD	CbGuAuGaD	1.0952	1.1216	0.14506	0.17137	0.14031	0.13576
CbGuAuGdD	CbGuAuGdD	1.0914	1.0754	0.061031	0.087974	0.074367	0.074985
CbGuAdGuD	CbGuAdGuD	1.0388	1.0389	0.062041	0.08969	0.074696	0.074353
CbGuAdGaD	CbGuAdGaD	1.0589	1.0449	0.14331	0.16372	0.11425	0.11506
CbGuAdGdD	CbGuAdGdD	1.0362	1.0272	0.059182	0.0841	0.071468	0.07306
CbGuAlDrD	CbGuAlDrD	0.056168	0.051977	0.11688	0.13075	0.08928	0.10388
CbGuAeGuD	CbGuAeGuD	1.6419	1.6305	0.061015	0.10815	0.098103	0.096735
CbGuAeGaD	CbGuAeGaD	1.6678	1.6535	0.13489	0.19108	0.14524	0.1457
CbGuAeGdD	CbGuAeGdD	1.6485	1.6459	0.0618	0.11217	0.099859	0.099606
CbGdAuGuD	CbGdAuGuD	1.0794	1.0622	0.05853	0.085183	0.074343	0.073343
CbGdAuGaD	CbGdAuGaD	1.0896	1.0796	0.13482	0.1658	0.13197	0.12135
CbGdAuGdD	CbGdAuGdD	1.0812	1.0661	0.061963	0.088161	0.077432	0.075522
CbGdAdGuD	CbGdAdGuD	1.035	1.0211	0.061674	0.087553	0.075375	0.07348
CbGdAdGaD	CbGdAdGaD	1.0636	1.0556	0.14388	0.16467	0.12065	0.11987
CbGdAdGdD	CbGdAdGdD	1.0399	1.0248	0.060807	0.085955	0.074071	0.073484
CbGdAlDrD	CbGdAlDrD	0.057781	0.052971	0.12108	0.13117	0.085853	0.085932
CbGdAeGuD	CbGdAeGuD	1.6179	1.6093	0.061285	0.11158	0.10004	0.10334
CbGdAeGaD	CbGdAeGaD	1.6301	1.6048	0.13684	0.18589	0.1446	0.14494
CbGdAeGdD	CbGdAeGdD	1.6099	1.5892	0.059808	0.10914	0.098917	0.099043
CbGiGuCtD	CbGiGuCtD	0.090728	0.086817	0.069226	0.082107	0.074622	0.074685
CbGiGuCpD	CbGiGuCpD	0.091865	0.084709	0.052917	0.069771	0.062218	0.059569
CbGiGuDrD	CbGiGuDrD	0.079365	0.07606	0.081474	0.094873	0.066448	0.067818
CbGiGbCtD	CbGiGbCtD	0.08424	0.078141	0.052029	0.065355	0.061111	0.061723
CbGiGbCpD	CbGiGbCpD	0.083189	0.076521	0.048963	0.064265	0.059583	0.061054
CbGiGeAlD	CbGiGeAlD	0.15472	0.14577	0.27004	0.37459	0.28233	0.29285
CbGiG<rGuD	CbGiG<rGuD	0.23547	0.22861	0.071652	0.11775	0.10618	0.10663
CbGiG<rGaD	CbGiG<rGaD	0.24182	0.24037	0.12062	0.17222	0.14222	0.14207
CbGiG<rGdD	CbGiG<rGdD	0.25383	0.25464	0.077721	0.12396	0.11394	0.11247
CbGiGaDrD	CbGiGaDrD	0.093523	0.085019	0.1062	0.12514	0.080413	0.079581
CbGiGcGuD	CbGiGcGuD	0.14252	0.13468	0.068516	0.099701	0.091435	0.091761
CbGiGcGaD	CbGiGcGaD	0.14652	0.13936	0.079211	0.11217	0.099272	0.099042
CbGiGcGdD	CbGiGcGdD	0.15271	0.13781	0.072614	0.1001	0.092438	0.091496
CbGiGuAlD	CbGiGuAlD	0.10233	0.09482	0.19481	0.23201	0.17237	0.17039
CbGiGdAlD	CbGiGdAlD	0.10013	0.094402	0.18939	0.23736	0.16392	0.17884
CbGiGiGuD	CbGiGiGuD	0.68859	0.68622	0.10047	0.15057	0.13468	0.13285
CbGiGiGaD	CbGiGiGaD	0.71242	0.70041	0.19284	0.24837	0.19417	0.1952
CbGiGiGdD	CbGiGiGdD	0.68124	0.68175	0.09607	0.14981	0.13439	0.13173
CbGiGr>GuD	CbGiGr>GuD	0.23239	0.22006	0.086056	0.13475	0.11682	0.1162
CbGiGr>GaD	CbGiGr>GaD	0.23129	0.22564	0.13772	0.19025	0.15083	0.15372
CbGiGr>GdD	CbGiGr>GdD	0.22513	0.2155	0.083782	0.12861	0.11535	0.11457
CbGiGdCtD	CbGiGdCtD	0.093108	0.084102	0.068107	0.084957	0.074552	0.074021
CbGiGdCpD	CbGiGdCpD	0.08933	0.085938	0.055131	0.068208	0.067519	0.065713
CbGiGdDrD	CbGiGdDrD	0.086403	0.078877	0.081515	0.095659	0.071141	0.070399
CbGr>GuCtD	CbGr>GuCtD	0.10256	0.095244	0.073572	0.091663	0.078371	0.077208
CbGr>GuCpD	CbGr>GuCpD	0.10014	0.095068	0.054503	0.073008	0.064821	0.062631
CbGr>GuDrD	CbGr>GuDrD	0.078294	0.074347	0.077189	0.095056	0.066038	0.066438
CbGr>GbCtD	CbGr>GbCtD	0.079703	0.07271	0.054063	0.065534	0.06067	0.061066
CbGr>GbCpD	CbGr>GbCpD	0.077183	0.070454	0.047657	0.057156	0.059382	0.055728
CbGr>GeAlD	CbGr>GeAlD	0.14722	0.14291	0.24021	0.3544	0.27189	0.2709
CbGr>G<rGuD	CbGr>G<rGuD	0.46991	0.46746	0.085166	0.13331	0.1224	0.12136
CbGr>G<rGaD	CbGr>G<rGaD	0.4811	0.47421	0.15357	0.20582	0.17717	0.17584
CbGr>G<rGdD	CbGr>G<rGdD	0.47919	0.46147	0.083347	0.13129	0.11988	0.11931
CbGr>GaDrD	CbGr>GaDrD	0.085379	0.079496	0.092413	0.10881	0.071881	0.070686
CbGr>GcGuD	CbGr>GcGuD	0.13031	0.13172	0.056375	0.092732	0.08204	0.078587
CbGr>GcGaD	CbGr>GcGaD	0.12878	0.12221	0.066671	0.098471	0.086128	0.08565
CbGr>GcGdD	CbGr>GcGdD	0.12596	0.11882	0.056387	0.085112	0.077248	0.078366
CbGr>GuAlD	CbGr>GuAlD	0.08993	0.08697	0.15008	0.19127	0.14824	0.14668
CbGr>GdAlD	CbGr>GdAlD	0.09118	0.086973	0.15691	0.194	0.14998	0.15576
CbGr>GiGuD	CbGr>GiGuD	0.25689	0.2532	0.064882	0.11408	0.10359	0.10449
CbGr>GiGaD	CbGr>GiGaD	0.26415	0.26491	0.11604	0.17597	0.144	0.14556
CbGr>GiGdD	CbGr>GiGdD	0.26724	0.26186	0.070817	0.1201	0.10887	0.10901
CbGr>Gr>GuD	CbGr>Gr>GuD	0.31194	0.29425	0.077126	0.1244	0.11158	0.11207
CbGr>Gr>GaD	CbGr>Gr>GaD	0.30506	0.29816	0.12388	0.17204	0.15069	0.1446
CbGr>Gr>GdD	CbGr>Gr>GdD	0.30149	0.29396	0.075578	0.12014	0.10984	0.10818
CbGr>GdCtD	CbGr>GdCtD	0.10727	0.10438	0.082067	0.097746	0.081347	0.080961
CbGr>GdCpD	CbGr>GdCpD	0.10767	0.10039	0.058125	0.071753	0.064308	0.064407
CbGr>GdDrD	CbGr>GdDrD	0.078285	0.076579	0.076123	0.095722	0.06444	0.066762
CbGdCbGuD	CbGdCbGuD	0.045383	0.042436	0.023572	0.042243	0.038428	0.038628
CbGdCbGaD	CbGdCbGaD	0.047098	0.041925	0.033697	0.049594	0.045293	0.043531
CbGdCbGdD	CbGdCbGdD	0.044876	0.041435	0.023216	0.042186	0.037972	0.037878
CbGdCtDrD	CbGdCtDrD	0.034404	0.031503	0.02597	0.038124	0.033301	0.032058
CbGdCpDrD	CbGdCpDrD	0.033891	0.03121	0.0211	0.031809	0.030623	0.029096
CbGdCdGuD	CbGdCdGuD	0.06436	0.058494	0.028133	0.045891	0.041606	0.042875
CbGdCdGaD	CbGdCdGaD	0.065173	0.060399	0.036507	0.055215	0.049074	0.04805
CbGdCdGdD	CbGdCdGdD	0.063495	0.057577	0.02771	0.044746	0.040776	0.042288
CbGdCuGuD	CbGdCuGuD	0.06537	0.058602	0.026268	0.046794	0.040924	0.043245
CbGdCuGaD	CbGdCuGaD	0.065061	0.061404	0.036633	0.058658	0.047853	0.050321
CbGdCuGdD	CbGdCuGdD	0.062862	0.05838	0.025902	0.046313	0.041166	0.042658
CbGdCrCtD	CbGdCrCtD	0.038982	0.033952	0.023147	0.035175	0.031653	0.033132
CbGdCrCpD	CbGdCrCpD	0.038358	0.03356	0.022054	0.035151	0.030988	0.031843
CbGpMFpGuD	CbGpMFpGuD	0.32208	0.30054	0.095886	0.098682	0.071859	0.076996
CbGpMFpGaD	CbGpMFpGaD	0.32471	0.30849	0.15878	0.16721	0.10908	0.10902
CbGpMFpGdD	CbGpMFpGdD	0.31003	0.2938	0.088221	0.095109	0.072664	0.072199
CbGdDtCtD	CbGdDtCtD	0.036083	0.033225	0.024756	0.034815	0.03123	0.029932
CbGdDtCpD	CbGdDtCpD	0.033578	0.031031	0.020076	0.029614	0.028613	0.029771
CbGdDuGuD	CbGdDuGuD	0.078837	0.072013	0.030374	0.045955	0.03802	0.039934
CbGdDuGaD	CbGdDuGaD	0.08006	0.072831	0.044037	0.059788	0.043851	0.04143
CbGdDuGdD	CbGdDuGdD	0.073314	0.074663	0.027762	0.046613	0.03816	0.0371
CbGdDpCtD	CbGdDpCtD	0.034487	0.031939	0.021152	0.032475	0.030195	0.028562
CbGdDpCpD	CbGdDpCpD	0.033882	0.031486	0.021392	0.030823	0.030832	0.029237
CbGdDpSpD	CbGdDpSpD	0.046548	0.041295	0.044959	0.05941	0.036109	0.036778
CbGdDdGuD	CbGdDdGuD	0.074373	0.069026	0.027385	0.047727	0.03801	0.037997
CbGdDdGaD	CbGdDdGaD	0.078358	0.072907	0.040989	0.059861	0.042145	0.043365
CbGdDdGdD	CbGdDdGdD	0.080344	0.071131	0.030389	0.044768	0.039102	0.038905
CbGdDaGuD	CbGdDaGuD	0.069633	0.057343	0.028588	0.045389	0.038208	0.041248
CbGdDaGaD	CbGdDaGaD	0.078796	0.069053	0.051074	0.064042	0.046363	0.043803
CbGdDaGdD	CbGdDaGdD	0.063017	0.057358	0.028474	0.043915	0.039311	0.039437
CbGdDlAlD	CbGdDlAlD	0.045349	0.041676	0.04477	0.058282	0.035925	0.037773
CbGdDrDrD	CbGdDrDrD	0.039022	0.035154	0.034036	0.040494	0.033484	0.035148
CbGpBPpGuD	CbGpBPpGuD	1.0871	1.0577	0.26309	0.25292	0.20824	0.22116
CbGpBPpGaD	CbGpBPpGaD	1.0776	1.0784	0.44062	0.44418	0.34605	0.34893
CbGpBPpGdD	CbGpBPpGdD	1.0544	1.0259	0.22135	0.23078	0.20453	0.20417
CtDtCbGuD	CtDtCbGuD	0.039163	0.036053	0.013179	0.028705	0.028899	0.028476
CtDtCbGaD	CtDtCbGaD	0.036459	0.034984	0.014906	0.031937	0.029768	0.031745
CtDtCbGdD	CtDtCbGdD	0.034675	0.032152	0.013402	0.02983	0.027414	0.027234
CtDtCdGuD	CtDtCdGuD	0.043217	0.038507	0.01277	0.030905	0.030055	0.028717
CtDtCdGaD	CtDtCdGaD	0.043659	0.039726	0.013651	0.032289	0.031171	0.030812
CtDtCdGdD	CtDtCdGdD	0.043487	0.039564	0.012681	0.029785	0.030245	0.030685
CtDtCuGuD	CtDtCuGuD	0.045341	0.041287	0.012862	0.03041	0.028724	0.030123
CtDtCuGaD	CtDtCuGaD	0.043562	0.041299	0.013535	0.033354	0.03074	0.031546
CtDtCuGdD	CtDtCuGdD	0.041842	0.039493	0.01217	0.028621	0.02887	0.029409
CtDuGuCtD	CtDuGuCtD	0.036053	0.032294	0.0069766	0.032268	0.029119	0.028039
CtDuGuCpD	CtDuGuCpD	0.037875	0.033	0.015262	0.028871	0.029141	0.028701
CtDuGuDrD	CtDuGuDrD	0.033389	0.031746	0.017093	0.030162	0.026237	0.028086
CtDuGbCtD	CtDuGbCtD	0.033761	0.029323	0.0062635	0.028419	0.025392	0.025007
CtDuGbCpD	CtDuGbCpD	0.033965	0.029708	0.014563	0.026008	0.025366	0.025966
CtDuGeAlD	CtDuGeAlD	0.080237	0.073699	0.057896	0.17473	0.070358	0.066729
CtDuG<rGuD	CtDuG<rGuD	0.10097	0.095361	0.016508	0.060399	0.056924	0.058823
CtDuG<rGaD	CtDuG<rGaD	0.10385	0.099315	0.019878	0.070793	0.062802	0.06425
CtDuG<rGdD	CtDuG<rGdD	0.10181	0.095237	0.017485	0.065767	0.059151	0.059975
CtDuGaDrD	CtDuGaDrD	0.038949	0.034482	0.018725	0.033261	0.029433	0.030934
CtDuGcGuD	CtDuGcGuD	0.06607	0.061135	0.016198	0.051891	0.046276	0.04953
CtDuGcGaD	CtDuGcGaD	0.06854	0.062625	0.01739	0.053805	0.048115	0.050623
CtDuGcGdD	CtDuGcGdD	0.067831	0.063288	0.01639	0.053123	0.046435	0.0504
CtDuGuAlD	CtDuGuAlD	0.049501	0.045207	0.036282	0.092496	0.037765	0.040654
CtDuGdAlD	CtDuGdAlD	0.047044	0.043716	0.034804	0.08383	0.037084	0.03989
CtDuGiGuD	CtDuGiGuD	0.11231	0.10273	0.018379	0.069197	0.064649	0.065063
CtDuGiGaD	CtDuGiGaD	0.11245	0.10351	0.022826	0.084576	0.072762	0.072186
CtDuGiGdD	CtDuGiGdD	0.11158	0.10359	0.018027	0.068918	0.064444	0.06505
CtDuGr>GuD	CtDuGr>GuD	0.092496	0.086422	0.0068159	0.061615	0.058937	0.057915
CtDuGr>GaD	CtDuGr>GaD	0.093265	0.086531	0.021805	0.069123	0.067018	0.063717
CtDuGr>GdD	CtDuGr>GdD	0.092283	0.085397	0.019668	0.062421	0.06181	0.057386
CtDuGdCtD	CtDuGdCtD	0.039246	0.034577	0.0068281	0.033936	0.034013	0.030414
CtDuGdCpD	CtDuGdCpD	0.041779	0.034481	0.015582	0.030397	0.030064	0.029661
CtDuGdDrD	CtDuGdDrD	0.036562	0.033764	0.018122	0.031523	0.029026	0.029929
CtDpCbGuD	CtDpCbGuD	0.034344	0.029922	0.0068228	0.030002	0.027369	0.02755
CtDpCbGaD	CtDpCbGaD	0.035583	0.032674	0.013346	0.032473	0.030898	0.029105
CtDpCbGdD	CtDpCbGdD	0.033334	0.030447	0.012766	0.028853	0.028137	0.032712
CtDpCdGuD	CtDpCdGuD	0.036037	0.033342	0.0070255	0.033357	0.028633	0.029738
CtDpCdGaD	CtDpCdGaD	0.037735	0.032682	0.012754	0.033855	0.029663	0.029123
CtDpCdGdD	CtDpCdGdD	0.034487	0.031976	0.012528	0.029974	0.030694	0.028687
CtDpCuGuD	CtDpCuGuD	0.032957	0.032054	0.0067754	0.031389	0.02989	0.029979
CtDpCuGaD	CtDpCuGaD	0.036739	0.031736	0.013225	0.032088	0.029946	0.029468
CtDpCuGdD	CtDpCuGdD	0.034446	0.030979	0.012272	0.030448	0.03005	0.02912
CtDpSpDrD	CtDpSpDrD	0.030646	0.029524	0.02354	0.026256	0.024542	0.025734
CtDdGuCtD	CtDdGuCtD	0.04021	0.033688	0.0070081	0.032915	0.029305	0.028558
CtDdGuCpD	CtDdGuCpD	0.037213	0.035406	0.0063889	0.030328	0.029996	0.028835
CtDdGuDrD	CtDdGuDrD	0.036663	0.032874	0.01838	0.032033	0.029506	0.029799
CtDdGbCtD	CtDdGbCtD	0.034775	0.033717	0.0067704	0.029741	0.027444	0.028115
CtDdGbCpD	CtDdGbCpD	0.036983	0.0321	0.0062766	0.028393	0.028254	0.027049
CtDdGeAlD	CtDdGeAlD	0.093216	0.081308	0.068391	0.18236	0.075063	0.069663
CtDdG<rGuD	CtDdG<rGuD	0.097561	0.089977	0.006937	0.064666	0.065054	0.061879
CtDdG<rGaD	CtDdG<rGaD	0.099013	0.092039	0.023723	0.073254	0.068206	0.067776
CtDdG<rGdD	CtDdG<rGdD	0.098775	0.092199	0.017783	0.064432	0.061374	0.062075
CtDdGaDrD	CtDdGaDrD	0.037435	0.034271	0.01994	0.034652	0.029747	0.031116
CtDdGcGuD	CtDdGcGuD	0.066333	0.0639	0.0068204	0.050659	0.048189	0.048167
CtDdGcGaD	CtDdGcGaD	0.069172	0.065388	0.018054	0.052487	0.050681	0.049509
CtDdGcGdD	CtDdGcGdD	0.0688	0.064599	0.016895	0.050508	0.04892	0.048917
CtDdGuAlD	CtDdGuAlD	0.04989	0.042823	0.043166	0.084745	0.038422	0.038552
CtDdGdAlD	CtDdGdAlD	0.04782	0.043197	0.043262	0.085866	0.039098	0.039248
CtDdGiGuD	CtDdGiGuD	0.10849	0.099619	0.0071461	0.069801	0.068209	0.067293
CtDdGiGaD	CtDdGiGaD	0.11252	0.10259	0.023352	0.083552	0.075574	0.073092
CtDdGiGdD	CtDdGiGdD	0.10646	0.099931	0.019583	0.06945	0.069703	0.066451
CtDdGr>GuD	CtDdGr>GuD	0.089143	0.082718	0.0067022	0.064562	0.061182	0.058349
CtDdGr>GaD	CtDdGr>GaD	0.091551	0.086206	0.020211	0.074625	0.065601	0.062969
CtDdGr>GdD	CtDdGr>GdD	0.088064	0.085278	0.0066946	0.066257	0.058459	0.059575
CtDdGdCtD	CtDdGdCtD	0.038327	0.034854	0.0069487	0.031427	0.03022	0.03019
CtDdGdCpD	CtDdGdCpD	0.036469	0.034343	0.0063138	0.031237	0.028739	0.029008
CtDdGdDrD	CtDdGdDrD	0.035593	0.033951	0.018125	0.033243	0.029905	0.028715
CtDaGuCtD	CtDaGuCtD	0.04692	0.041491	0.0074	0.033668	0.032221	0.030781
CtDaGuCpD	CtDaGuCpD	0.045423	0.042411	0.0067995	0.031217	0.031254	0.030161
CtDaGuDrD	CtDaGuDrD	0.040689	0.038474	0.020168	0.034872	0.031932	0.03084
CtDaGbCtD	CtDaGbCtD	0.050396	0.047792	0.007436	0.031328	0.031608	0.030166
CtDaGbCpD	CtDaGbCpD	0.05047	0.046401	0.0069702	0.030027	0.030284	0.029966
CtDaGeAlD	CtDaGeAlD	0.10289	0.095425	0.070361	0.18358	0.074814	0.071707
CtDaG<rGuD	CtDaG<rGuD	0.14234	0.14096	0.0070534	0.065882	0.062154	0.063807
CtDaG<rGaD	CtDaG<rGaD	0.1432	0.14129	0.02423	0.075922	0.068899	0.07147
CtDaG<rGdD	CtDaG<rGdD	0.15987	0.13574	0.0070708	0.066344	0.061368	0.065309
CtDaGaDrD	CtDaGaDrD	0.047025	0.043644	0.02197	0.038272	0.037258	0.032787
CtDaGcGuD	CtDaGcGuD	0.081031	0.07932	0.0070491	0.050588	0.050192	0.047696
CtDaGcGaD	CtDaGcGaD	0.083998	0.078929	0.01926	0.055704	0.04967	0.053087
CtDaGcGdD	CtDaGcGdD	0.085494	0.075431	0.0073414	0.052648	0.04838	0.050151
CtDaGuAlD	CtDaGuAlD	0.05488	0.049166	0.037518	0.083394	0.040171	0.040257
CtDaGdAlD	CtDaGdAlD	0.05432	0.057574	0.045135	0.086517	0.041829	0.039373
CtDaGiGuD	CtDaGiGuD	0.17276	0.16655	0.0074866	0.073551	0.066918	0.068364
CtDaGiGaD	CtDaGiGaD	0.19142	0.18135	0.027832	0.085109	0.075854	0.076133
CtDaGiGdD	CtDaGiGdD	0.18137	0.16286	0.0093601	0.072067	0.0669	0.066916
CtDaGr>GuD	CtDaGr>GuD	0.13651	0.13049	0.0072339	0.0655	0.062715	0.061434
CtDaGr>GaD	CtDaGr>GaD	0.14549	0.12952	0.0083263	0.07992	0.069035	0.066343
CtDaGr>GdD	CtDaGr>GdD	0.1399	0.12759	0.0070307	0.067252	0.060527	0.059675
CtDaGdCtD	CtDaGdCtD	0.04525	0.042394	0.0075705	0.032905	0.031573	0.031529
CtDaGdCpD	CtDaGdCpD	0.043805	0.042222	0.0069082	0.03059	0.030417	0.031478
CtDaGdDrD	CtDaGdDrD	0.041053	0.038226	0.020691	0.033995	0.0306	0.03133
CtDlAuGuD	CtDlAuGuD	0.21571	0.20421	0.0068934	0.037351	0.037994	0.036268
CtDlAuGaD	CtDlAuGaD	0.21982	0.21722	0.0082881	0.039269	0.038691	0.04006
CtDlAuGdD	CtDlAuGdD	0.22286	0.21149	0.0069525	0.037844	0.036854	0.036062
CtDlAdGuD	CtDlAdGuD	0.21892	0.21559	0.0072329	0.037133	0.036882	0.037288
CtDlAdGaD	CtDlAdGaD	0.22915	0.21644	0.0079298	0.041272	0.038771	0.040937
CtDlAdGdD	CtDlAdGdD	0.22148	0.21494	0.0068491	0.037929	0.037762	0.035125
CtDlAlDrD	CtDlAlDrD	0.030298	0.027581	0.015279	0.024908	0.023097	0.023882
CtDlAeGuD	CtDlAeGuD	0.43488	0.42725	0.0067308	0.064477	0.056531	0.061228
CtDlAeGaD	CtDlAeGaD	0.44775	0.44079	0.0083048	0.070362	0.062595	0.065381
CtDlAeGdD	CtDlAeGdD	0.44451	0.43123	0.0068297	0.063749	0.05869	0.056811
CtDrDuGuD	CtDrDuGuD	0.035658	0.03259	0.0063014	0.027791	0.026049	0.025419
CtDrDuGaD	CtDrDuGaD	0.037887	0.034658	0.0072646	0.027922	0.026412	0.02857
CtDrDuGdD	CtDrDuGdD	0.034791	0.032146	0.0065866	0.02817	0.026322	0.025296
CtDrDpSpD	CtDrDpSpD	0.028435	0.02528	0.0080042	0.023658	0.021915	0.023503
CtDrDdGuD	CtDrDdGuD	0.035737	0.031434	0.0062068	0.027189	0.026742	0.025807
CtDrDdGaD	CtDrDdGaD	0.036403	0.033549	0.0071049	0.028066	0.02664	0.02781
CtDrDdGdD	CtDrDdGdD	0.03622	0.032363	0.0069501	0.027966	0.026612	0.025568
CtDrDaGuD	CtDrDaGuD	0.04068	0.037736	0.0067608	0.026937	0.027982	0.027185
CtDrDaGaD	CtDrDaGaD	0.043881	0.04311	0.0081768	0.030273	0.029093	0.030468
CtDrDaGdD	CtDrDaGdD	0.040765	0.037353	0.0071537	0.030176	0.028005	0.028614
CtDrDlAlD	CtDrDlAlD	0.031811	0.028096	0.0086179	0.026021	0.02569	0.023705
CiPCiCbGuD	CiPCiCbGuD	0.033496	0.03176	0.013249	0.028859	0.027288	0.029054
CiPCiCbGaD	CiPCiCbGaD	0.036247	0.03167	0.015032	0.033181	0.029295	0.029949
CiPCiCbGdD	CiPCiCbGdD	0.036033	0.031441	0.01311	0.029459	0.028376	0.027411
CiPCiCtDrD	CiPCiCtDrD	0.025213	0.023772	0.013242	0.023009	0.020973	0.020548
CiPCiCpDrD	CiPCiCpDrD	0.025136	0.022892	0.012595	0.021459	0.020433	0.022496
CiPCiCdGuD	CiPCiCdGuD	0.038914	0.034333	0.014066	0.031808	0.02894	0.028615
CiPCiCdGaD	CiPCiCdGaD	0.038809	0.03568	0.013434	0.031623	0.031352	0.02948
CiPCiCdGdD	CiPCiCdGdD	0.038203	0.035211	0.013144	0.030106	0.030295	0.029374
CiPCiCuGuD	CiPCiCuGuD	0.038802	0.03739	0.013375	0.030046	0.028727	0.029794
CiPCiCuGaD	CiPCiCuGaD	0.039004	0.035319	0.014432	0.032341	0.02938	0.031768
CiPCiCuGdD	CiPCiCuGdD	0.038712	0.033884	0.013645	0.030949	0.028689	0.028188
CiPCiCrCtD	CiPCiCrCtD	0.02832	0.024945	0.012548	0.023407	0.023143	0.023645
CiPCiCrCpD	CiPCiCrCpD	0.027842	0.024423	0.012362	0.025441	0.023449	0.022395
CpDtCbGuD	CpDtCbGuD	0.031829	0.030213	0.0065956	0.028306	0.026419	0.028052
CpDtCbGaD	CpDtCbGaD	0.033974	0.029695	0.0065811	0.032043	0.02876	0.028242
CpDtCbGdD	CpDtCbGdD	0.032311	0.029058	0.0062358	0.027556	0.026532	0.028742
CpDtCdGuD	CpDtCdGuD	0.034378	0.032161	0.0068581	0.030057	0.02823	0.027614
CpDtCdGaD	CpDtCdGaD	0.035827	0.033098	0.0065019	0.030493	0.030237	0.029638
CpDtCdGdD	CpDtCdGdD	0.034135	0.033282	0.0066473	0.029607	0.027605	0.02838
CpDtCuGuD	CpDtCuGuD	0.035352	0.033271	0.0065448	0.030148	0.028617	0.027581
CpDtCuGaD	CpDtCuGaD	0.035493	0.033839	0.0067244	0.030269	0.029871	0.029743
CpDtCuGdD	CpDtCuGdD	0.03527	0.031762	0.0067804	0.029629	0.027466	0.028219
CpDuGuCtD	CpDuGuCtD	0.035759	0.03277	0.006331	0.031254	0.029816	0.027993
CpDuGuCpD	CpDuGuCpD	0.03457	0.032193	0.006247	0.029336	0.028518	0.028894
CpDuGuDrD	CpDuGuDrD	0.032995	0.0306	0.0069804	0.032285	0.027655	0.027043
CpDuGbCtD	CpDuGbCtD	0.035615	0.029815	0.0061216	0.027801	0.02817	0.027666
CpDuGbCpD	CpDuGbCpD	0.032046	0.034558	0.0070243	0.033592	0.031473	0.030306
CpDuGeAlD	CpDuGeAlD	0.08765	0.073863	0.0065606	0.19759	0.071302	0.066909
CpDuG<rGuD	CpDuG<rGuD	0.088351	0.083435	0.0064831	0.067775	0.061391	0.060996
CpDuG<rGaD	CpDuG<rGaD	0.090628	0.084813	0.0067251	0.074153	0.066238	0.067745
CpDuG<rGdD	CpDuG<rGdD	0.089039	0.082959	0.0063174	0.063712	0.060767	0.061181
CpDuGaDrD	CpDuGaDrD	0.034702	0.031789	0.0071788	0.034778	0.028807	0.029062
CpDuGcGuD	CpDuGcGuD	0.062289	0.057406	0.0068095	0.048208	0.048486	0.04606
CpDuGcGaD	CpDuGcGaD	0.062372	0.055164	0.0070007	0.053604	0.047635	0.050021
CpDuGcGdD	CpDuGcGdD	0.061206	0.057133	0.0063214	0.049965	0.047017	0.04746
CpDuGuAlD	CpDuGuAlD	0.04546	0.040667	0.0066595	0.081315	0.037618	0.037004
CpDuGdAlD	CpDuGdAlD	0.045452	0.043551	0.0067673	0.087158	0.036645	0.03852
CpDuGiGuD	CpDuGiGuD	0.092469	0.087821	0.0070493	0.070313	0.074032	0.066684
CpDuGiGaD	CpDuGiGaD	0.092814	0.088023	0.0073099	0.080255	0.075506	0.073905
CpDuGiGdD	CpDuGiGdD	0.096907	0.088739	0.0065222	0.068739	0.068505	0.066185
CpDuGr>GuD	CpDuGr>GuD	0.078647	0.073524	0.0066495	0.066573	0.058506	0.058732
CpDuGr>GaD	CpDuGr>GaD	0.081943	0.075526	0.0068274	0.07097	0.062974	0.063263
CpDuGr>GdD	CpDuGr>GdD	0.080976	0.072008	0.0068669	0.063993	0.058991	0.057832
CpDuGdCtD	CpDuGdCtD	0.036163	0.0333	0.0064144	0.031772	0.030524	0.029723
CpDuGdCpD	CpDuGdCpD	0.03564	0.033873	0.0065753	0.029902	0.028511	0.029872
CpDuGdDrD	CpDuGdDrD	0.035052	0.030828	0.0066078	0.032958	0.028645	0.028057
CpDpCbGuD	CpDpCbGuD	0.032874	0.031055	0.006604	0.02869	0.028435	0.028471
CpDpCbGaD	CpDpCbGaD	0.034629	0.031703	0.0075264	0.03235	0.029271	0.029963
CpDpCbGdD	CpDpCbGdD	0.033105	0.030077	0.0064845	0.028912	0.028471	0.028279
CpDpCdGuD	CpDpCdGuD	0.034516	0.033312	0.0069196	0.030649	0.028907	0.030037
CpDpCdGaD	CpDpCdGaD	0.037818	0.032558	0.0072956	0.032196	0.030116	0.029337
CpDpCdGdD	CpDpCdGdD	0.034153	0.033436	0.0067756	0.030451	0.029724	0.029301
CpDpCuGuD	CpDpCuGuD	0.03359	0.033326	0.0068161	0.03092	0.028674	0.02991
CpDpCuGaD	CpDpCuGaD	0.038121	0.031896	0.0071402	0.032744	0.029873	0.029756
CpDpCuGdD	CpDpCuGdD	0.034846	0.032607	0.0069525	0.029796	0.030691	0.028972
CpDpSpDrD	CpDpSpDrD	0.028	0.026969	0.0077212	0.025809	0.023475	0.023327
CpDdGuCtD	CpDdGuCtD	0.036811	0.033941	0.0063677	0.031521	0.030653	0.028856
CpDdGuCpD	CpDdGuCpD	0.034907	0.033269	0.0065293	0.03005	0.028414	0.030192
CpDdGuDrD	CpDdGuDrD	0.033282	0.031144	0.0065327	0.033126	0.028147	0.027961
CpDdGbCtD	CpDdGbCtD	0.034218	0.031859	0.0063059	0.028546	0.027811	0.02864
CpDdGbCpD	CpDdGbCpD	0.033926	0.031254	0.0062187	0.030097	0.027478	0.027254
CpDdGeAlD	CpDdGeAlD	0.0802	0.077527	0.0066957	0.19261	0.071789	0.071972
CpDdG<rGuD	CpDdG<rGuD	0.085843	0.08343	0.0064871	0.065399	0.060025	0.061476
CpDdG<rGaD	CpDdG<rGaD	0.091695	0.085248	0.0067847	0.074141	0.066781	0.067438
CpDdG<rGdD	CpDdG<rGdD	0.090339	0.08308	0.0066249	0.063102	0.061534	0.060316
CpDdGaDrD	CpDdGaDrD	0.035299	0.032211	0.0066247	0.034598	0.029609	0.028669
CpDdGcGuD	CpDdGcGuD	0.06191	0.056927	0.0064225	0.050831	0.047264	0.048824
CpDdGcGaD	CpDdGcGaD	0.064624	0.057378	0.0067556	0.05424	0.048042	0.050921
CpDdGcGdD	CpDdGcGdD	0.061766	0.057713	0.0064147	0.050775	0.047588	0.047624
CpDdGuAlD	CpDdGuAlD	0.045517	0.040375	0.0069268	0.081545	0.039365	0.037276
CpDdGdAlD	CpDdGdAlD	0.045046	0.04219	0.0067852	0.086111	0.0372	0.038773
CpDdGiGuD	CpDdGiGuD	0.093703	0.086523	0.0071266	0.070034	0.06671	0.065416
CpDdGiGaD	CpDdGiGaD	0.098051	0.087413	0.0072927	0.082691	0.075924	0.073096
CpDdGiGdD	CpDdGiGdD	0.093353	0.085926	0.0069094	0.068934	0.068502	0.06517
CpDdGr>GuD	CpDdGr>GuD	0.079495	0.073626	0.0065181	0.066248	0.058255	0.05918
CpDdGr>GaD	CpDdGr>GaD	0.083875	0.075124	0.0070345	0.070279	0.063293	0.063792
CpDdGr>GdD	CpDdGr>GdD	0.07999	0.072787	0.0064504	0.065706	0.058417	0.058418
CpDdGdCtD	CpDdGdCtD	0.035329	0.033129	0.0064988	0.031637	0.029314	0.030084
CpDdGdCpD	CpDdGdCpD	0.035246	0.033333	0.0062051	0.030971	0.028485	0.028609
CpDdGdDrD	CpDdGdDrD	0.033767	0.031738	0.0068655	0.032164	0.028784	0.028379
CpDaGuCtD	CpDaGuCtD	0.038884	0.035637	0.0067518	0.0322	0.030375	0.03167
CpDaGuCpD	CpDaGuCpD	0.037814	0.035053	0.0068922	0.030983	0.029044	0.029656
CpDaGuDrD	CpDaGuDrD	0.037327	0.033067	0.0073647	0.034616	0.030021	0.029089
CpDaGbCtD	CpDaGbCtD	0.039829	0.03655	0.0067227	0.029729	0.030545	0.031938
CpDaGbCpD	CpDaGbCpD	0.041141	0.037748	0.0065937	0.029298	0.028867	0.02971
CpDaGeAlD	CpDaGeAlD	0.088336	0.074995	0.0074503	0.19152	0.074966	0.072547
CpDaG<rGuD	CpDaG<rGuD	0.10067	0.091248	0.0070536	0.065609	0.064864	0.063258
CpDaG<rGaD	CpDaG<rGaD	0.10337	0.093378	0.0080926	0.074187	0.069141	0.069577
CpDaG<rGdD	CpDaG<rGdD	0.1005	0.093974	0.0069416	0.0645	0.061675	0.062322
CpDaGaDrD	CpDaGaDrD	0.039144	0.036123	0.0077069	0.036896	0.030592	0.032089
CpDaGcGuD	CpDaGcGuD	0.065308	0.061579	0.0065935	0.050205	0.048288	0.047075
CpDaGcGaD	CpDaGcGaD	0.067021	0.061272	0.0074952	0.052582	0.051151	0.049011
CpDaGcGdD	CpDaGcGdD	0.064265	0.058911	0.0070102	0.050923	0.048072	0.048593
CpDaGuAlD	CpDaGuAlD	0.046179	0.044677	0.0072072	0.087536	0.038	0.040106
CpDaGdAlD	CpDaGdAlD	0.046139	0.043086	0.0071306	0.083065	0.040004	0.038167
CpDaGiGuD	CpDaGiGuD	0.11207	0.1043	0.0071385	0.070675	0.071054	0.066996
CpDaGiGaD	CpDaGiGaD	0.11671	0.10928	0.0075667	0.084189	0.074835	0.075989
CpDaGiGdD	CpDaGiGdD	0.10988	0.10731	0.0066993	0.070517	0.068543	0.066853
CpDaGr>GuD	CpDaGr>GuD	0.091459	0.085529	0.0071273	0.066978	0.061266	0.059468
CpDaGr>GaD	CpDaGr>GaD	0.092125	0.089931	0.0073962	0.075521	0.065906	0.065369
CpDaGr>GdD	CpDaGr>GdD	0.090656	0.086699	0.0065622	0.06575	0.058437	0.062641
CpDaGdCtD	CpDaGdCtD	0.039863	0.036173	0.0069985	0.032152	0.02991	0.030744
CpDaGdCpD	CpDaGdCpD	0.038321	0.034459	0.0064309	0.031332	0.02966	0.029587
CpDaGdDrD	CpDaGdDrD	0.035993	0.033273	0.0072613	0.033552	0.030352	0.029315
CpDlAuGuD	CpDlAuGuD	0.11335	0.10592	0.0066986	0.038394	0.035905	0.035975
CpDlAuGaD	CpDlAuGaD	0.11268	0.10576	0.0070589	0.035695	0.035344	0.036216
CpDlAuGdD	CpDlAuGdD	0.11124	0.10356	0.0062971	0.033862	0.035184	0.033556
CpDlAdGuD	CpDlAdGuD	0.1096	0.10515	0.006238	0.035442	0.033782	0.033156
CpDlAdGaD	CpDlAdGaD	0.11187	0.10964	0.0067711	0.037162	0.035632	0.037372
CpDlAdGdD	CpDlAdGdD	0.11909	0.11483	0.006413	0.035385	0.036239	0.034912
CpDlAlDrD	CpDlAlDrD	0.026412	0.025943	0.007612	0.024683	0.022758	0.023132
CpDlAeGuD	CpDlAeGuD	0.25732	0.25621	0.006582	0.064162	0.059444	0.05735
CpDlAeGaD	CpDlAeGaD	0.27509	0.2726	0.0068779	0.064432	0.058904	0.059333
CpDlAeGdD	CpDlAeGdD	0.25235	0.25672	0.0063725	0.062594	0.05531	0.055674
CpDrDuGuD	CpDrDuGuD	0.033199	0.030209	0.0061338	0.027307	0.025686	0.025105
CpDrDuGaD	CpDrDuGaD	0.034342	0.031311	0.0067914	0.02776	0.026976	0.027632
CpDrDuGdD	CpDrDuGdD	0.033014	0.030195	0.0061913	0.027645	0.02555	0.025279
CpDrDpSpD	CpDrDpSpD	0.025693	0.023934	0.0070789	0.022612	0.020882	0.021045
CpDrDdGuD	CpDrDdGuD	0.033835	0.03062	0.0060673	0.026548	0.026818	0.025817
CpDrDdGaD	CpDrDdGaD	0.033862	0.031637	0.0066664	0.028632	0.027095	0.026718
CpDrDdGdD	CpDrDdGdD	0.034607	0.030511	0.0061495	0.026757	0.026459	0.025495
CpDrDaGuD	CpDrDaGuD	0.03505	0.034676	0.0067892	0.029058	0.027633	0.028338
CpDrDaGaD	CpDrDaGaD	0.040486	0.036326	0.0079269	0.032416	0.029727	0.029198
CpDrDaGdD	CpDrDaGdD	0.037315	0.032821	0.0064993	0.0287	0.028689	0.028204
CpDrDlAlD	CpDrDlAlD	0.02779	0.025582	0.0079064	0.024346	0.0222	0.022086
CcSEcCbGuD	CcSEcCbGuD	0.2423	0.23395	0.052485	0.06776	0.065864	0.065161
CcSEcCbGaD	CcSEcCbGaD	0.24606	0.24072	0.097444	0.116	0.10506	0.1056
CcSEcCbGdD	CcSEcCbGdD	0.23868	0.23401	0.054357	0.068866	0.065287	0.067027
CcSEcCtDrD	CcSEcCtDrD	0.18382	0.18159	0.079425	0.090244	0.085073	0.084853
CcSEcCpDrD	CcSEcCpDrD	0.17969	0.176	0.070002	0.079826	0.074775	0.074666
CcSEcCdGuD	CcSEcCdGuD	0.32463	0.31705	0.058567	0.075705	0.072623	0.072198
CcSEcCdGaD	CcSEcCdGaD	0.32922	0.31814	0.092399	0.10888	0.10144	0.10072
CcSEcCdGdD	CcSEcCdGdD	0.31925	0.31287	0.057	0.07387	0.069536	0.069974
CcSEcCuGuD	CcSEcCuGuD	0.33674	0.32731	0.056714	0.077298	0.071446	0.070719
CcSEcCuGaD	CcSEcCuGaD	0.34312	0.32864	0.095919	0.11328	0.10431	0.10609
CcSEcCuGdD	CcSEcCuGdD	0.3326	0.32722	0.05779	0.074806	0.072108	0.072138
CcSEcCrCtD	CcSEcCrCtD	0.24754	0.23431	0.058574	0.072402	0.067792	0.066955
CcSEcCrCpD	CcSEcCrCpD	0.23641	0.23277	0.052791	0.064805	0.062353	0.061121
CdGuCbGuD	CdGuCbGuD	0.053792	0.047849	0.014289	0.04469	0.039537	0.04168
CdGuCbGaD	CdGuCbGaD	0.056911	0.054308	0.020153	0.055795	0.049912	0.04965
CdGuCbGdD	CdGuCbGdD	0.055732	0.050166	0.014037	0.042019	0.041043	0.039945
CdGuCtDrD	CdGuCtDrD	0.039713	0.03762	0.01796	0.040862	0.039179	0.037411
CdGuCpDrD	CdGuCpDrD	0.037202	0.033929	0.012093	0.032169	0.033336	0.03123
CdGuCdGuD	CdGuCdGuD	0.099173	0.09017	0.016012	0.048713	0.04502	0.044421
CdGuCdGaD	CdGuCdGaD	0.096908	0.09263	0.025007	0.06251	0.056391	0.053741
CdGuCdGdD	CdGuCdGdD	0.09589	0.089991	0.015828	0.049292	0.043382	0.045033
CdGuCuGuD	CdGuCuGuD	0.10597	0.095547	0.016406	0.046794	0.045443	0.043349
CdGuCuGaD	CdGuCuGaD	0.099039	0.096608	0.026294	0.065095	0.057451	0.056123
CdGuCuGdD	CdGuCuGdD	0.097725	0.092179	0.015978	0.048869	0.044599	0.046376
CdGuCrCtD	CdGuCrCtD	0.047371	0.042833	0.013817	0.036358	0.034176	0.035767
CdGuCrCpD	CdGuCrCpD	0.044435	0.043067	0.012511	0.033688	0.032506	0.033239
CdGuDtCtD	CdGuDtCtD	0.035028	0.033646	0.01588	0.036034	0.029711	0.031025
CdGuDtCpD	CdGuDtCpD	0.035741	0.031403	0.011973	0.031607	0.029072	0.028701
CdGuDuGuD	CdGuDuGuD	0.0875	0.077273	0.016557	0.047889	0.037808	0.036881
CdGuDuGaD	CdGuDuGaD	0.083104	0.077146	0.025781	0.062213	0.04041	0.042315
CdGuDuGdD	CdGuDuGdD	0.07643	0.071717	0.0165	0.047862	0.036839	0.037173
CdGuDpCtD	CdGuDpCtD	0.03565	0.03154	0.011777	0.03235	0.029827	0.028789
CdGuDpCpD	CdGuDpCpD	0.037198	0.031533	0.012162	0.03227	0.029996	0.029708
CdGuDpSpD	CdGuDpSpD	0.04431	0.040957	0.029388	0.064408	0.035228	0.035521
CdGuDdGuD	CdGuDdGuD	0.07725	0.072554	0.016403	0.047903	0.037744	0.037578
CdGuDdGaD	CdGuDdGaD	0.081777	0.076492	0.025513	0.06214	0.040095	0.042182
CdGuDdGdD	CdGuDdGdD	0.081608	0.07586	0.01807	0.050415	0.039051	0.040064
CdGuDaGuD	CdGuDaGuD	0.074757	0.06687	0.015694	0.047249	0.037708	0.038258
CdGuDaGaD	CdGuDaGaD	0.081908	0.075181	0.028943	0.067479	0.042917	0.044088
CdGuDaGdD	CdGuDaGdD	0.072919	0.064687	0.016046	0.046369	0.037571	0.039812
CdGuDlAlD	CdGuDlAlD	0.043461	0.04139	0.030575	0.058595	0.036435	0.034763
CdGuDrDrD	CdGuDrDrD	0.037655	0.034209	0.019458	0.044853	0.03291	0.031637
CdGpPWpGuD	CdGpPWpGuD	0.20802	0.20877	0.018897	0.079174	0.064501	0.064626
CdGpPWpGaD	CdGpPWpGaD	0.22394	0.22184	0.03387	0.14216	0.093143	0.092922
CdGpPWpGdD	CdGpPWpGdD	0.2105	0.2078	0.018152	0.080048	0.063079	0.062692
CdGbCbGuD	CdGbCbGuD	0.043251	0.040149	0.011438	0.039264	0.037744	0.036286
CdGbCbGaD	CdGbCbGaD	0.047024	0.04016	0.013613	0.046924	0.041101	0.04099
CdGbCbGdD	CdGbCbGdD	0.045778	0.041337	0.011996	0.040697	0.035806	0.03741
CdGbCtDrD	CdGbCtDrD	0.035539	0.031136	0.012487	0.033218	0.030199	0.030432
CdGbCpDrD	CdGbCpDrD	0.032924	0.029339	0.010506	0.03035	0.02974	0.028857
CdGbCdGuD	CdGbCdGuD	0.050819	0.046843	0.011411	0.04052	0.0388	0.03716
CdGbCdGaD	CdGbCdGaD	0.051099	0.046113	0.013067	0.044309	0.039283	0.04109
CdGbCdGdD	CdGbCdGdD	0.050551	0.04665	0.01202	0.039214	0.038065	0.038713
CdGbCuGuD	CdGbCuGuD	0.050137	0.047142	0.011468	0.039907	0.039369	0.037323
CdGbCuGaD	CdGbCuGaD	0.051804	0.046062	0.012938	0.045224	0.039882	0.040586
CdGbCuGdD	CdGbCuGdD	0.053002	0.045852	0.012012	0.040493	0.037291	0.039169
CdGbCrCtD	CdGbCrCtD	0.035846	0.033755	0.011695	0.033857	0.030918	0.031412
CdGbCrCpD	CdGbCrCpD	0.037311	0.03272	0.011059	0.032447	0.030684	0.030088
CdGpCCpGuD	CdGpCCpGuD	0.23243	0.22585	0.020776	0.086766	0.065016	0.064204
CdGpCCpGaD	CdGpCCpGaD	0.23557	0.23462	0.036788	0.14495	0.09615	0.095946
CdGpCCpGdD	CdGpCCpGdD	0.23075	0.22214	0.018535	0.079801	0.062852	0.062208
CdGeAuGuD	CdGeAuGuD	0.62554	0.61657	0.028665	0.13677	0.12422	0.1229
CdGeAuGaD	CdGeAuGaD	0.64001	0.63281	0.073835	0.25357	0.20907	0.20969
CdGeAuGdD	CdGeAuGdD	0.60662	0.59999	0.028492	0.13749	0.12292	0.12379
CdGeAdGuD	CdGeAdGuD	0.59732	0.5891	0.034034	0.13898	0.12452	0.12358
CdGeAdGaD	CdGeAdGaD	0.60584	0.59535	0.065864	0.25419	0.21208	0.21522
CdGeAdGdD	CdGeAdGdD	0.61215	0.60448	0.029368	0.13735	0.12588	0.12699
CdGeAlDrD	CdGeAlDrD	0.087977	0.08033	0.072355	0.23769	0.17595	0.17667
CdGeAeGuD	CdGeAeGuD	1.3182	1.2966	0.029641	0.18415	0.17042	0.17079
CdGeAeGaD	CdGeAeGaD	1.3181	1.305	0.074495	0.34534	0.30296	0.30739
CdGeAeGdD	CdGeAeGdD	1.3106	1.2962	0.029549	0.18389	0.17165	0.16933
CdG<rGuCtD	CdG<rGuCtD	0.19906	0.18124	0.022528	0.086867	0.077277	0.077199
CdG<rGuCpD	CdG<rGuCpD	0.1814	0.17346	0.016235	0.067823	0.066067	0.064602
CdG<rGuDrD	CdG<rGuDrD	0.15861	0.15139	0.030288	0.090301	0.066725	0.068646
CdG<rGbCtD	CdG<rGbCtD	0.18238	0.16917	0.017993	0.068178	0.0657	0.065744
CdG<rGbCpD	CdG<rGbCpD	0.1747	0.17129	0.013955	0.063555	0.060733	0.059736
CdG<rGeAlD	CdG<rGeAlD	0.34786	0.32991	0.04433	0.33388	0.2612	0.26507
CdG<rG<rGuD	CdG<rG<rGuD	0.51223	0.50246	0.020831	0.12068	0.11096	0.11195
CdG<rG<rGaD	CdG<rG<rGaD	0.52451	0.51196	0.039631	0.17198	0.14711	0.14575
CdG<rG<rGdD	CdG<rG<rGdD	0.51969	0.50765	0.019803	0.11436	0.10601	0.10473
CdG<rGaDrD	CdG<rGaDrD	0.16063	0.15932	0.033067	0.10546	0.076881	0.076432
CdG<rGcGuD	CdG<rGcGuD	0.32236	0.30531	0.016527	0.091054	0.084626	0.08489
CdG<rGcGaD	CdG<rGcGaD	0.32693	0.31354	0.026187	0.10532	0.091363	0.091996
CdG<rGcGdD	CdG<rGcGdD	0.30382	0.29989	0.016597	0.085916	0.081572	0.083098
CdG<rGuAlD	CdG<rGuAlD	0.1876	0.1756	0.037014	0.18163	0.14043	0.14387
CdG<rGdAlD	CdG<rGdAlD	0.18677	0.18625	0.040222	0.18745	0.14557	0.14569
CdG<rGiGuD	CdG<rGiGuD	0.65893	0.65008	0.02243	0.12347	0.11567	0.11464
CdG<rGiGaD	CdG<rGiGaD	0.67487	0.65703	0.039738	0.17973	0.15113	0.15343
CdG<rGiGdD	CdG<rGiGdD	0.6774	0.65564	0.020309	0.12595	0.11841	0.11701
CdG<rGr>GuD	CdG<rGr>GuD	0.70245	0.67843	0.022269	0.13231	0.12125	0.12201
CdG<rGr>GaD	CdG<rGr>GaD	0.70934	0.69103	0.042927	0.1987	0.16986	0.16836
CdG<rGr>GdD	CdG<rGr>GdD	0.70892	0.68191	0.020776	0.13043	0.11991	0.12072
CdG<rGdCtD	CdG<rGdCtD	0.1887	0.18164	0.023582	0.087492	0.07882	0.078189
CdG<rGdCpD	CdG<rGdCpD	0.19057	0.19044	0.015876	0.070814	0.067362	0.065471
CdG<rGdDrD	CdG<rGdDrD	0.16182	0.15445	0.027963	0.11577	0.074732	0.068909
CdGaDtCtD	CdGaDtCtD	0.040012	0.038265	0.015215	0.039684	0.032668	0.031446
CdGaDtCpD	CdGaDtCpD	0.038577	0.036326	0.01193	0.033337	0.032499	0.032309
CdGaDuGuD	CdGaDuGuD	0.074213	0.070953	0.015679	0.044702	0.040701	0.039162
CdGaDuGaD	CdGaDuGaD	0.075671	0.069403	0.025219	0.054628	0.044194	0.041523
CdGaDuGdD	CdGaDuGdD	0.069814	0.065798	0.01609	0.043908	0.04083	0.040325
CdGaDpCtD	CdGaDpCtD	0.035272	0.034323	0.011978	0.032703	0.031703	0.032113
CdGaDpCpD	CdGaDpCpD	0.036291	0.034849	0.012524	0.035509	0.031398	0.031297
CdGaDpSpD	CdGaDpSpD	0.050491	0.043811	0.037184	0.072776	0.045794	0.040408
CdGaDdGuD	CdGaDdGuD	0.074016	0.067153	0.014566	0.043839	0.041123	0.038052
CdGaDdGaD	CdGaDdGaD	0.075332	0.074848	0.021952	0.056693	0.04341	0.042142
CdGaDdGdD	CdGaDdGdD	0.079217	0.069765	0.014902	0.04584	0.039963	0.038183
CdGaDaGuD	CdGaDaGuD	0.094792	0.088433	0.016416	0.050606	0.039127	0.041808
CdGaDaGaD	CdGaDaGaD	0.10809	0.102	0.030554	0.07281	0.045577	0.045957
CdGaDaGdD	CdGaDaGdD	0.10193	0.089059	0.019091	0.047857	0.041071	0.039237
CdGaDlAlD	CdGaDlAlD	0.048466	0.046029	0.028771	0.063313	0.036806	0.039645
CdGaDrDrD	CdGaDrDrD	0.040193	0.036802	0.023731	0.045072	0.034321	0.035695
CdGcGuCtD	CdGcGuCtD	0.064259	0.059721	0.013962	0.0601	0.053531	0.055044
CdGcGuCpD	CdGcGuCpD	0.063711	0.056289	0.011434	0.054693	0.048088	0.051775
CdGcGuDrD	CdGcGuDrD	0.06279	0.056941	0.016757	0.066784	0.050512	0.052706
CdGcGbCtD	CdGcGbCtD	0.064156	0.056551	0.011629	0.052762	0.048001	0.050673
CdGcGbCpD	CdGcGbCpD	0.061388	0.058239	0.010901	0.049885	0.048394	0.047974
CdGcGeAlD	CdGcGeAlD	0.11728	0.11526	0.048105	0.29083	0.21479	0.20126
CdGcG<rGuD	CdGcG<rGuD	0.13122	0.12355	0.015339	0.096324	0.087035	0.086094
CdGcG<rGaD	CdGcG<rGaD	0.13134	0.12833	0.024453	0.11806	0.099117	0.099325
CdGcG<rGdD	CdGcG<rGdD	0.12866	0.12312	0.015823	0.093898	0.085153	0.087177
CdGcGaDrD	CdGcGaDrD	0.064092	0.05686	0.020512	0.068061	0.054256	0.051465
CdGcGcGuD	CdGcGcGuD	0.15203	0.13761	0.017171	0.088364	0.079276	0.078635
CdGcGcGaD	CdGcGcGaD	0.14707	0.14371	0.026055	0.10686	0.091564	0.091141
CdGcGcGdD	CdGcGcGdD	0.14392	0.14284	0.017657	0.087885	0.080274	0.078453
CdGcGuAlD	CdGcGuAlD	0.072968	0.069653	0.035933	0.17272	0.11575	0.11492
CdGcGdAlD	CdGcGdAlD	0.078359	0.070742	0.038997	0.16145	0.11569	0.117
CdGcGiGuD	CdGcGiGuD	0.14568	0.14175	0.016474	0.1041	0.093596	0.095297
CdGcGiGaD	CdGcGiGaD	0.15012	0.14393	0.026222	0.13389	0.11014	0.11237
CdGcGiGdD	CdGcGiGdD	0.1397	0.13743	0.017591	0.1028	0.093359	0.092688
CdGcGr>GuD	CdGcGr>GuD	0.12327	0.1144	0.01631	0.098707	0.087358	0.086631
CdGcGr>GaD	CdGcGr>GaD	0.12157	0.11671	0.023845	0.12097	0.10045	0.098207
CdGcGr>GdD	CdGcGr>GdD	0.11752	0.1151	0.015879	0.095163	0.085449	0.080697
CdGcGdCtD	CdGcGdCtD	0.058551	0.054882	0.012866	0.052483	0.049995	0.048647
CdGcGdCpD	CdGcGdCpD	0.05913	0.053882	0.01092	0.047161	0.046508	0.045774
CdGcGdDrD	CdGcGdDrD	0.056328	0.053276	0.015396	0.06008	0.046981	0.049153
CdGuAuGuD	CdGuAuGuD	0.58283	0.59019	0.030645	0.086915	0.072665	0.073417
CdGuAuGaD	CdGuAuGaD	0.60733	0.58995	0.066375	0.15669	0.11873	0.11856
CdGuAuGdD	CdGuAuGdD	0.56311	0.55977	0.026721	0.085677	0.074042	0.073483
CdGuAdGuD	CdGuAdGuD	0.55218	0.54548	0.030377	0.085618	0.073756	0.073941
CdGuAdGaD	CdGuAdGaD	0.56115	0.553	0.060209	0.16268	0.12218	0.1217
CdGuAdGdD	CdGuAdGdD	0.54884	0.55001	0.027323	0.086841	0.07556	0.07841
CdGuAlDrD	CdGuAlDrD	0.055445	0.04602	0.058346	0.13073	0.089523	0.088533
CdGuAeGuD	CdGuAeGuD	0.8807	0.87538	0.028292	0.10997	0.098801	0.09852
CdGuAeGaD	CdGuAeGaD	0.89933	0.88812	0.06748	0.18465	0.14884	0.14851
CdGuAeGdD	CdGuAeGdD	0.9057	0.88487	0.027602	0.11271	0.1	0.10062
CdGdAuGuD	CdGdAuGuD	0.5899	0.58001	0.026947	0.08723	0.076122	0.075514
CdGdAuGaD	CdGdAuGaD	0.60048	0.59164	0.061822	0.16378	0.12468	0.12373
CdGdAuGdD	CdGdAuGdD	0.58686	0.57955	0.027752	0.087685	0.077074	0.07543
CdGdAdGuD	CdGdAdGuD	0.56659	0.55877	0.027174	0.088086	0.07646	0.076649
CdGdAdGaD	CdGdAdGaD	0.57396	0.56545	0.061146	0.16828	0.12254	0.12313
CdGdAdGdD	CdGdAdGdD	0.55952	0.55144	0.027424	0.086532	0.075986	0.077159
CdGdAlDrD	CdGdAlDrD	0.051244	0.046252	0.050094	0.14057	0.094717	0.090575
CdGdAeGuD	CdGdAeGuD	0.87507	0.86502	0.027682	0.11155	0.10088	0.10027
CdGdAeGaD	CdGdAeGaD	0.88562	0.87676	0.057511	0.17745	0.14454	0.14268
CdGdAeGdD	CdGdAeGdD	0.86798	0.86535	0.026951	0.10902	0.10005	0.098854
CdGiGuCtD	CdGiGuCtD	0.10735	0.10131	0.018666	0.083462	0.074402	0.071341
CdGiGuCpD	CdGiGuCpD	0.099566	0.095885	0.013382	0.066448	0.064036	0.066452
CdGiGuDrD	CdGiGuDrD	0.093937	0.089582	0.026969	0.096348	0.068637	0.068592
CdGiGbCtD	CdGiGbCtD	0.099364	0.091464	0.0137	0.066103	0.062359	0.06456
CdGiGbCpD	CdGiGbCpD	0.098972	0.091465	0.011668	0.061842	0.059645	0.060713
CdGiGeAlD	CdGiGeAlD	0.1822	0.17878	0.060781	0.38255	0.29828	0.28259
CdGiG<rGuD	CdGiG<rGuD	0.24768	0.24067	0.022166	0.11968	0.10925	0.10872
CdGiG<rGaD	CdGiG<rGaD	0.25479	0.24706	0.040794	0.18182	0.14889	0.14679
CdGiG<rGdD	CdGiG<rGdD	0.27448	0.26122	0.022857	0.12652	0.11599	0.11554
CdGiGaDrD	CdGiGaDrD	0.10677	0.10345	0.038494	0.12689	0.081429	0.081035
CdGiGcGuD	CdGiGcGuD	0.18124	0.17492	0.018074	0.10314	0.094192	0.094568
CdGiGcGaD	CdGiGcGaD	0.18779	0.17448	0.024797	0.11756	0.10511	0.104
CdGiGcGdD	CdGiGcGdD	0.18305	0.17557	0.017786	0.10297	0.09505	0.095474
CdGiGuAlD	CdGiGuAlD	0.12233	0.11611	0.059182	0.24804	0.17943	0.18416
CdGiGdAlD	CdGiGdAlD	0.1212	0.11654	0.060462	0.25307	0.18583	0.18301
CdGiGiGuD	CdGiGiGuD	0.62686	0.60747	0.030675	0.15577	0.13794	0.13579
CdGiGiGaD	CdGiGiGaD	0.6388	0.6218	0.067513	0.25434	0.20394	0.20518
CdGiGiGdD	CdGiGiGdD	0.6172	0.60455	0.027558	0.1521	0.14177	0.14097
CdGiGr>GuD	CdGiGr>GuD	0.28048	0.25337	0.024212	0.13342	0.11882	0.11955
CdGiGr>GaD	CdGiGr>GaD	0.27202	0.25966	0.048764	0.19183	0.1533	0.15777
CdGiGr>GdD	CdGiGr>GdD	0.28368	0.25696	0.024963	0.13117	0.1184	0.11642
CdGiGdCtD	CdGiGdCtD	0.10698	0.10253	0.020318	0.085733	0.081423	0.078326
CdGiGdCpD	CdGiGdCpD	0.10807	0.10017	0.013174	0.069897	0.064748	0.067552
CdGiGdDrD	CdGiGdDrD	0.10108	0.094314	0.025529	0.098475	0.070736	0.070865
CdGr>GuCtD	CdGr>GuCtD	0.12707	0.11816	0.020541	0.094091	0.079952	0.08004
CdGr>GuCpD	CdGr>GuCpD	0.12345	0.11667	0.016566	0.071932	0.066799	0.066223
CdGr>GuDrD	CdGr>GuDrD	0.10216	0.094623	0.026151	0.097026	0.065568	0.06527
CdGr>GbCtD	CdGr>GbCtD	0.10036	0.096764	0.015002	0.068733	0.061869	0.063155
CdGr>GbCpD	CdGr>GbCpD	0.10502	0.096019	0.011645	0.063249	0.057228	0.0591
CdGr>GeAlD	CdGr>GeAlD	0.21443	0.19964	0.030821	0.36086	0.27694	0.27797
CdGr>G<rGuD	CdGr>G<rGuD	0.46438	0.45144	0.016642	0.13287	0.12162	0.12211
CdGr>G<rGaD	CdGr>G<rGaD	0.46559	0.45739	0.028785	0.20917	0.18113	0.18576
CdGr>G<rGdD	CdGr>G<rGdD	0.46178	0.45219	0.016762	0.1341	0.12266	0.12001
CdGr>GaDrD	CdGr>GaDrD	0.10875	0.10416	0.028044	0.11201	0.073516	0.07353
CdGr>GcGuD	CdGr>GcGuD	0.19987	0.18844	0.015338	0.091691	0.083719	0.083422
CdGr>GcGaD	CdGr>GcGaD	0.19602	0.19167	0.024	0.10847	0.094664	0.093795
CdGr>GcGdD	CdGr>GcGdD	0.19022	0.18744	0.016124	0.091777	0.084882	0.084721
CdGr>GuAlD	CdGr>GuAlD	0.12602	0.12595	0.02949	0.19656	0.15414	0.15589
CdGr>GdAlD	CdGr>GdAlD	0.12103	0.11424	0.029135	0.20176	0.15447	0.15625
CdGr>GiGuD	CdGr>GiGuD	0.36328	0.36456	0.016998	0.12305	0.11164	0.11344
CdGr>GiGaD	CdGr>GiGaD	0.38208	0.37565	0.029276	0.18142	0.15001	0.14745
CdGr>GiGdD	CdGr>GiGdD	0.37466	0.36136	0.017449	0.12217	0.11046	0.11034
CdGr>Gr>GuD	CdGr>Gr>GuD	0.35739	0.35346	0.016703	0.1248	0.1132	0.11408
CdGr>Gr>GaD	CdGr>Gr>GaD	0.37318	0.3608	0.029457	0.17878	0.15073	0.14894
CdGr>Gr>GdD	CdGr>Gr>GdD	0.36557	0.35307	0.017801	0.12272	0.11154	0.11188
CdGr>GdCtD	CdGr>GdCtD	0.13362	0.1254	0.023829	0.097043	0.084742	0.083475
CdGr>GdCpD	CdGr>GdCpD	0.1314	0.12298	0.016125	0.078057	0.06794	0.066886
CdGr>GdDrD	CdGr>GdDrD	0.10826	0.097718	0.024653	0.095116	0.066063	0.065219
CdGdCbGuD	CdGdCbGuD	0.0754	0.0678	0.015254	0.045787	0.041567	0.044477
CdGdCbGaD	CdGdCbGaD	0.080847	0.072784	0.024749	0.059896	0.055102	0.05319
CdGdCbGdD	CdGdCbGdD	0.073314	0.068046	0.015896	0.043772	0.042784	0.04289
CdGdCtDrD	CdGdCtDrD	0.052338	0.044295	0.02123	0.046969	0.042234	0.043045
CdGdCpDrD	CdGdCpDrD	0.049223	0.042588	0.016017	0.035994	0.034518	0.036263
CdGdCdGuD	CdGdCdGuD	0.13503	0.12533	0.018313	0.050194	0.047133	0.050104
CdGdCdGaD	CdGdCdGaD	0.13425	0.13373	0.027334	0.066391	0.057901	0.060119
CdGdCdGdD	CdGdCdGdD	0.13192	0.12591	0.018477	0.049297	0.047395	0.045478
CdGdCuGuD	CdGdCuGuD	0.13472	0.12917	0.018358	0.048836	0.046968	0.046122
CdGdCuGaD	CdGdCuGaD	0.13962	0.13527	0.028313	0.069756	0.060308	0.060432
CdGdCuGdD	CdGdCuGdD	0.13797	0.13208	0.016825	0.050246	0.046709	0.04722
CdGdCrCtD	CdGdCrCtD	0.069932	0.067023	0.015182	0.039501	0.03891	0.036782
CdGdCrCpD	CdGdCrCpD	0.073012	0.066449	0.013644	0.035684	0.036186	0.036766
CdGpMFpGuD	CdGpMFpGuD	0.2438	0.24857	0.021229	0.10126	0.074184	0.072535
CdGpMFpGaD	CdGpMFpGaD	0.26351	0.25698	0.039951	0.17094	0.10992	0.11003
CdGpMFpGdD	CdGpMFpGdD	0.24031	0.24081	0.019295	0.091495	0.068806	0.069377
CdGdDtCtD	CdGdDtCtD	0.033766	0.031042	0.01318	0.032746	0.030047	0.03049
CdGdDtCpD	CdGdDtCpD	0.033123	0.031358	0.010924	0.029718	0.027082	0.028291
CdGdDuGuD	CdGdDuGuD	0.075688	0.069463	0.015603	0.044888	0.036239	0.035278
CdGdDuGaD	CdGdDuGaD	0.073849	0.074364	0.025016	0.065369	0.040875	0.041813
CdGdDuGdD	CdGdDuGdD	0.074136	0.070525	0.016069	0.04683	0.036814	0.036299
CdGdDpCtD	CdGdDpCtD	0.033596	0.030797	0.010989	0.031085	0.029648	0.028369
CdGdDpCpD	CdGdDpCpD	0.03329	0.032313	0.012686	0.03107	0.028841	0.029485
CdGdDpSpD	CdGdDpSpD	0.042779	0.038803	0.033636	0.057853	0.03691	0.034395
CdGdDdGuD	CdGdDdGuD	0.075619	0.067121	0.017863	0.044251	0.037473	0.037374
CdGdDdGaD	CdGdDdGaD	0.079604	0.069643	0.028833	0.05893	0.041859	0.039166
CdGdDdGdD	CdGdDdGdD	0.082679	0.073644	0.016397	0.044244	0.038487	0.037162
CdGdDaGuD	CdGdDaGuD	0.065362	0.059218	0.016716	0.04476	0.037324	0.040522
CdGdDaGaD	CdGdDaGaD	0.070893	0.066089	0.028243	0.065746	0.040855	0.040868
CdGdDaGdD	CdGdDaGdD	0.060797	0.056344	0.014573	0.043076	0.036518	0.035011
CdGdDlAlD	CdGdDlAlD	0.041335	0.036837	0.026365	0.057824	0.032893	0.034282
CdGdDrDrD	CdGdDrDrD	0.036659	0.031105	0.01799	0.04033	0.029601	0.030052
CdGpBPpGuD	CdGpBPpGuD	0.76443	0.75668	0.022791	0.23643	0.20091	0.20183
CdGpBPpGaD	CdGpBPpGaD	0.7738	0.7807	0.051142	0.47195	0.36027	0.36162
CdGpBPpGdD	CdGpBPpGdD	0.80023	0.77862	0.023184	0.24757	0.21484	0.21692
CuGuCbGuD	CuGuCbGuD	0.069134	0.06462	0.014697	0.047101	0.042572	0.042646
CuGuCbGaD	CuGuCbGaD	0.077166	0.069846	0.023266	0.062615	0.052782	0.05613
CuGuCbGdD	CuGuCbGdD	0.06966	0.06288	0.015998	0.047169	0.041346	0.046783
CuGuCtDrD	CuGuCtDrD	0.047811	0.046829	0.020535	0.044679	0.044752	0.040737
CuGuCpDrD	CuGuCpDrD	0.048458	0.039584	0.014083	0.037034	0.035583	0.033856
CuGuCdGuD	CuGuCdGuD	0.12854	0.1275	0.017464	0.051884	0.048234	0.047435
CuGuCdGaD	CuGuCdGaD	0.13637	0.12165	0.027609	0.070115	0.062242	0.058209
CuGuCdGdD	CuGuCdGdD	0.12659	0.12476	0.017287	0.051276	0.050142	0.04816
CuGuCuGuD	CuGuCuGuD	0.13266	0.11992	0.017558	0.054693	0.047187	0.048343
CuGuCuGaD	CuGuCuGaD	0.13214	0.12394	0.030928	0.070664	0.061891	0.060663
CuGuCuGdD	CuGuCuGdD	0.13394	0.11844	0.017389	0.053153	0.045666	0.048157
CuGuCrCtD	CuGuCrCtD	0.063206	0.059935	0.014782	0.039096	0.039045	0.036078
CuGuCrCpD	CuGuCrCpD	0.06512	0.058628	0.015174	0.036469	0.034471	0.037762
CuGuDtCtD	CuGuDtCtD	0.038685	0.034997	0.017862	0.036015	0.030407	0.034073
CuGuDtCpD	CuGuDtCpD	0.036616	0.03411	0.013133	0.033663	0.029911	0.030565
CuGuDuGuD	CuGuDuGuD	0.083909	0.075641	0.017359	0.051738	0.039428	0.038606
CuGuDuGaD	CuGuDuGaD	0.083764	0.076435	0.02673	0.065118	0.041664	0.045484
CuGuDuGdD	CuGuDuGdD	0.08233	0.069633	0.021758	0.048256	0.038862	0.041289
CuGuDpCtD	CuGuDpCtD	0.036632	0.035382	0.0122	0.032286	0.030452	0.032616
CuGuDpCpD	CuGuDpCpD	0.036368	0.033086	0.014867	0.033937	0.029639	0.031126
CuGuDpSpD	CuGuDpSpD	0.048316	0.039023	0.038065	0.059471	0.038828	0.035404
CuGuDdGuD	CuGuDdGuD	0.07689	0.071402	0.020705	0.046198	0.041738	0.040156
CuGuDdGaD	CuGuDdGaD	0.084924	0.074655	0.027671	0.061591	0.043807	0.041771
CuGuDdGdD	CuGuDdGdD	0.083064	0.074841	0.016811	0.051747	0.038029	0.038473
CuGuDaGuD	CuGuDaGuD	0.071497	0.065515	0.016031	0.046858	0.042256	0.038459
CuGuDaGaD	CuGuDaGaD	0.084553	0.075521	0.028123	0.068593	0.041427	0.044244
CuGuDaGdD	CuGuDaGdD	0.064481	0.061116	0.01534	0.047334	0.037854	0.037444
CuGuDlAlD	CuGuDlAlD	0.044791	0.039284	0.029824	0.058492	0.035878	0.036112
CuGuDrDrD	CuGuDrDrD	0.036967	0.034606	0.02192	0.041875	0.032024	0.03366
CuGpPWpGuD	CuGpPWpGuD	0.20007	0.20023	0.017742	0.080684	0.063721	0.064635
CuGpPWpGaD	CuGpPWpGaD	0.21453	0.21145	0.03589	0.13651	0.095099	0.09497
CuGpPWpGdD	CuGpPWpGdD	0.20416	0.20066	0.018132	0.080894	0.064415	0.063879
CuGbCbGuD	CuGbCbGuD	0.045654	0.040482	0.011138	0.039144	0.036591	0.036458
CuGbCbGaD	CuGbCbGaD	0.048016	0.043254	0.014266	0.046772	0.039422	0.042358
CuGbCbGdD	CuGbCbGdD	0.046086	0.041897	0.012101	0.037586	0.03755	0.038
CuGbCtDrD	CuGbCtDrD	0.033511	0.033217	0.013721	0.03277	0.030369	0.032511
CuGbCpDrD	CuGbCpDrD	0.033442	0.032101	0.011683	0.033418	0.029731	0.02975
CuGbCdGuD	CuGbCdGuD	0.053981	0.048395	0.013145	0.041978	0.037901	0.041296
CuGbCdGaD	CuGbCdGaD	0.052656	0.050099	0.013395	0.043242	0.043497	0.040632
CuGbCdGdD	CuGbCdGdD	0.052487	0.048153	0.011876	0.042279	0.039065	0.039314
CuGbCuGuD	CuGbCuGuD	0.052768	0.048943	0.012832	0.040998	0.03889	0.041019
CuGbCuGaD	CuGbCuGaD	0.055927	0.051829	0.014027	0.047334	0.046034	0.051755
CuGbCuGdD	CuGbCuGdD	0.05911	0.051403	0.011644	0.039626	0.039696	0.039602
CuGbCrCtD	CuGbCrCtD	0.038016	0.036879	0.012142	0.032803	0.032365	0.033729
CuGbCrCpD	CuGbCrCpD	0.038111	0.036751	0.011983	0.033074	0.031612	0.033563
CuGpCCpGuD	CuGpCCpGuD	0.21932	0.20566	0.019644	0.084854	0.066035	0.064984
CuGpCCpGaD	CuGpCCpGaD	0.21989	0.21588	0.036943	0.14583	0.10371	0.11566
CuGpCCpGdD	CuGpCCpGdD	0.21193	0.20593	0.018816	0.084556	0.066177	0.066142
CuGeAuGuD	CuGeAuGuD	0.61105	0.60219	0.032243	0.13961	0.12726	0.129
CuGeAuGaD	CuGeAuGaD	0.62399	0.61082	0.082451	0.27567	0.242	0.23913
CuGeAuGdD	CuGeAuGdD	0.61488	0.59682	0.032762	0.13943	0.12672	0.12979
CuGeAdGuD	CuGeAdGuD	0.59796	0.58139	0.031186	0.13929	0.12816	0.13021
CuGeAdGaD	CuGeAdGaD	0.60762	0.59196	0.081774	0.27934	0.23664	0.22028
CuGeAdGdD	CuGeAdGdD	0.59754	0.57963	0.032137	0.13889	0.12694	0.12738
CuGeAlDrD	CuGeAlDrD	0.091505	0.083756	0.082494	0.24542	0.1981	0.17884
CuGeAeGuD	CuGeAeGuD	1.2661	1.2336	0.031231	0.18284	0.17091	0.17219
CuGeAeGaD	CuGeAeGaD	1.2557	1.2627	0.086125	0.35092	0.3062	0.29882
CuGeAeGdD	CuGeAeGdD	1.2326	1.2339	0.029363	0.18452	0.16956	0.17099
CuG<rGuCtD	CuG<rGuCtD	0.15946	0.14666	0.021758	0.082468	0.074942	0.074001
CuG<rGuCpD	CuG<rGuCpD	0.14829	0.14722	0.014562	0.064916	0.061132	0.062692
CuG<rGuDrD	CuG<rGuDrD	0.13136	0.12513	0.025818	0.088458	0.064621	0.065212
CuG<rGbCtD	CuG<rGbCtD	0.14443	0.13889	0.0175	0.064826	0.062877	0.062439
CuG<rGbCpD	CuG<rGbCpD	0.14586	0.137	0.01387	0.059403	0.058532	0.056584
CuG<rGeAlD	CuG<rGeAlD	0.27768	0.26846	0.043286	0.32689	0.25606	0.25776
CuG<rG<rGuD	CuG<rG<rGuD	0.44091	0.42575	0.022467	0.1252	0.11477	0.11518
CuG<rG<rGaD	CuG<rG<rGaD	0.47133	0.45279	0.041409	0.17363	0.15159	0.15645
CuG<rG<rGdD	CuG<rG<rGdD	0.47399	0.45368	0.021534	0.1224	0.11375	0.11315
CuG<rGaDrD	CuG<rGaDrD	0.14999	0.136	0.034232	0.11158	0.078332	0.079321
CuG<rGcGuD	CuG<rGcGuD	0.27069	0.25508	0.018065	0.093652	0.088508	0.088532
CuG<rGcGaD	CuG<rGcGaD	0.27588	0.2637	0.025194	0.11053	0.1	0.10082
CuG<rGcGdD	CuG<rGcGdD	0.28328	0.25641	0.018174	0.095588	0.089792	0.090184
CuG<rGuAlD	CuG<rGuAlD	0.17136	0.16194	0.042289	0.20172	0.15758	0.15515
CuG<rGdAlD	CuG<rGdAlD	0.17148	0.15795	0.043271	0.19859	0.15369	0.15629
CuG<rGiGuD	CuG<rGiGuD	0.58692	0.56061	0.022115	0.1285	0.11796	0.11893
CuG<rGiGaD	CuG<rGiGaD	0.59855	0.5752	0.039511	0.18219	0.15842	0.15915
CuG<rGiGdD	CuG<rGiGdD	0.57377	0.55589	0.020803	0.12542	0.11574	0.11751
CuG<rGr>GuD	CuG<rGr>GuD	0.59543	0.57411	0.021485	0.13726	0.1237	0.1221
CuG<rGr>GaD	CuG<rGr>GaD	0.60011	0.58069	0.041011	0.19588	0.16666	0.16656
CuG<rGr>GdD	CuG<rGr>GdD	0.59091	0.57383	0.021356	0.13106	0.11938	0.11981
CuG<rGdCtD	CuG<rGdCtD	0.15866	0.15753	0.022597	0.08687	0.079879	0.078629
CuG<rGdCpD	CuG<rGdCpD	0.15744	0.15525	0.015417	0.069756	0.064952	0.065798
CuG<rGdDrD	CuG<rGdDrD	0.133	0.13394	0.026196	0.09059	0.067856	0.066394
CuGaDtCtD	CuGaDtCtD	0.042277	0.035875	0.015162	0.041167	0.035962	0.034539
CuGaDtCpD	CuGaDtCpD	0.044607	0.035606	0.012619	0.034549	0.031611	0.031352
CuGaDuGuD	CuGaDuGuD	0.076767	0.076474	0.015037	0.043864	0.040461	0.039418
CuGaDuGaD	CuGaDuGaD	0.08138	0.080049	0.021587	0.056799	0.042518	0.041368
CuGaDuGdD	CuGaDuGdD	0.07435	0.068604	0.014713	0.044169	0.040022	0.038344
CuGaDpCtD	CuGaDpCtD	0.038141	0.032675	0.012055	0.03259	0.031207	0.031274
CuGaDpCpD	CuGaDpCpD	0.037195	0.033938	0.012809	0.033103	0.030607	0.031726
CuGaDpSpD	CuGaDpSpD	0.04875	0.046643	0.029751	0.064243	0.038745	0.038006
CuGaDdGuD	CuGaDdGuD	0.075125	0.068712	0.014148	0.043753	0.039968	0.037556
CuGaDdGaD	CuGaDdGaD	0.078089	0.076517	0.021173	0.055897	0.042127	0.041488
CuGaDdGdD	CuGaDdGdD	0.078235	0.072073	0.014645	0.045795	0.039436	0.037635
CuGaDaGuD	CuGaDaGuD	0.095917	0.091082	0.016403	0.049999	0.038967	0.040202
CuGaDaGaD	CuGaDaGaD	0.11443	0.1061	0.030241	0.076587	0.044915	0.046178
CuGaDaGdD	CuGaDaGdD	0.10508	0.098708	0.016267	0.050079	0.040876	0.038788
CuGaDlAlD	CuGaDlAlD	0.050231	0.043409	0.031259	0.062761	0.038966	0.038908
CuGaDrDrD	CuGaDrDrD	0.041245	0.037636	0.021127	0.046242	0.035105	0.033679
CuGcGuCtD	CuGcGuCtD	0.063679	0.05819	0.014969	0.057054	0.054693	0.051906
CuGcGuCpD	CuGcGuCpD	0.062762	0.055907	0.011848	0.053244	0.049107	0.049463
CuGcGuDrD	CuGcGuDrD	0.062925	0.05635	0.016805	0.065207	0.049624	0.051492
CuGcGbCtD	CuGcGbCtD	0.064526	0.056003	0.011761	0.052745	0.047187	0.050402
CuGcGbCpD	CuGcGbCpD	0.061168	0.057742	0.010926	0.051185	0.048697	0.048748
CuGcGeAlD	CuGcGeAlD	0.11831	0.10918	0.04745	0.28881	0.2002	0.20227
CuGcG<rGuD	CuGcG<rGuD	0.12364	0.11986	0.016067	0.094253	0.086929	0.0875
CuGcG<rGaD	CuGcG<rGaD	0.12984	0.12277	0.023157	0.11654	0.099974	0.10028
CuGcG<rGdD	CuGcG<rGdD	0.12563	0.11715	0.015014	0.094805	0.085866	0.085636
CuGcGaDrD	CuGcGaDrD	0.06347	0.059922	0.018373	0.070608	0.051707	0.054518
CuGcGcGuD	CuGcGcGuD	0.14279	0.13766	0.018301	0.087116	0.078461	0.079956
CuGcGcGaD	CuGcGcGaD	0.15051	0.13855	0.02581	0.10996	0.090421	0.09087
CuGcGcGdD	CuGcGcGdD	0.14505	0.13658	0.017952	0.089429	0.080556	0.081174
CuGcGuAlD	CuGcGuAlD	0.074825	0.06867	0.037891	0.16546	0.11604	0.1172
CuGcGdAlD	CuGcGdAlD	0.075308	0.070135	0.036909	0.16747	0.11458	0.1158
CuGcGiGuD	CuGcGiGuD	0.13703	0.13105	0.016409	0.10502	0.095443	0.095479
CuGcGiGaD	CuGcGiGaD	0.13957	0.13516	0.025973	0.13717	0.11244	0.11129
CuGcGiGdD	CuGcGiGdD	0.139	0.13354	0.018869	0.10205	0.093523	0.093025
CuGcGr>GuD	CuGcGr>GuD	0.11782	0.11267	0.016038	0.097153	0.086506	0.087196
CuGcGr>GaD	CuGcGr>GaD	0.12028	0.11519	0.023981	0.12017	0.10447	0.099315
CuGcGr>GdD	CuGcGr>GdD	0.11926	0.11049	0.015858	0.097448	0.086451	0.086119
CuGcGdCtD	CuGcGdCtD	0.063281	0.059516	0.01318	0.057921	0.0511	0.054384
CuGcGdCpD	CuGcGdCpD	0.063136	0.059122	0.011268	0.051594	0.049158	0.05409
CuGcGdDrD	CuGcGdDrD	0.061019	0.058878	0.016847	0.063096	0.051483	0.050806
CuGuAuGuD	CuGuAuGuD	0.56902	0.56254	0.027718	0.087728	0.077071	0.077816
CuGuAuGaD	CuGuAuGaD	0.57367	0.57255	0.067663	0.16833	0.12861	0.12595
CuGuAuGdD	CuGuAuGdD	0.5615	0.54839	0.027935	0.089797	0.077614	0.078378
CuGuAdGuD	CuGuAdGuD	0.53852	0.5288	0.029505	0.087682	0.076793	0.078457
CuGuAdGaD	CuGuAdGaD	0.54497	0.53594	0.064432	0.17144	0.12479	0.12654
CuGuAdGdD	CuGuAdGdD	0.52818	0.515	0.026134	0.084105	0.073292	0.07287
CuGuAlDrD	CuGuAlDrD	0.047114	0.043813	0.053815	0.12825	0.088846	0.088674
CuGuAeGuD	CuGuAeGuD	0.84376	0.84316	0.028559	0.11463	0.10147	0.10173
CuGuAeGaD	CuGuAeGaD	0.85883	0.85238	0.072822	0.178	0.14416	0.1484
CuGuAeGdD	CuGuAeGdD	0.83474	0.84015	0.030118	0.10916	0.098296	0.097923
CuGdAuGuD	CuGdAuGuD	0.56898	0.56043	0.026685	0.086402	0.07501	0.074285
CuGdAuGaD	CuGdAuGaD	0.57604	0.57275	0.06772	0.16388	0.12297	0.12401
CuGdAuGdD	CuGdAuGdD	0.55979	0.55762	0.027606	0.090328	0.078498	0.076449
CuGdAdGuD	CuGdAdGuD	0.54392	0.53607	0.031245	0.089085	0.076396	0.078521
CuGdAdGaD	CuGdAdGaD	0.56324	0.54778	0.063225	0.16853	0.12708	0.12539
CuGdAdGdD	CuGdAdGdD	0.54458	0.53929	0.027672	0.089019	0.078947	0.076413
CuGdAlDrD	CuGdAlDrD	0.053151	0.047188	0.059379	0.13128	0.091684	0.091807
CuGdAeGuD	CuGdAeGuD	0.86452	0.86503	0.032897	0.11551	0.10348	0.10328
CuGdAeGaD	CuGdAeGaD	0.87862	0.8537	0.058433	0.17594	0.14825	0.14565
CuGdAeGdD	CuGdAeGdD	0.87166	0.84322	0.025951	0.10784	0.098722	0.09833
CuGiGuCtD	CuGiGuCtD	0.10146	0.091625	0.019299	0.081847	0.074096	0.073391
CuGiGuCpD	CuGiGuCpD	0.097634	0.092824	0.012692	0.069413	0.064465	0.064586
CuGiGuDrD	CuGiGuDrD	0.092799	0.08809	0.025172	0.10154	0.073591	0.070184
CuGiGbCtD	CuGiGbCtD	0.096784	0.089016	0.014796	0.06736	0.066483	0.065713
CuGiGbCpD	CuGiGbCpD	0.095489	0.088485	0.013466	0.068735	0.067641	0.062758
CuGiGeAlD	CuGiGeAlD	0.18124	0.17255	0.064811	0.39116	0.29847	0.29288
CuGiG<rGuD	CuGiG<rGuD	0.24107	0.23072	0.022439	0.12597	0.11752	0.11469
CuGiG<rGaD	CuGiG<rGaD	0.24715	0.23806	0.038931	0.17563	0.1459	0.14619
CuGiG<rGdD	CuGiG<rGdD	0.24154	0.23316	0.021152	0.12496	0.11309	0.11318
CuGiGaDrD	CuGiGaDrD	0.09975	0.093018	0.040087	0.12121	0.080576	0.080366
CuGiGcGuD	CuGiGcGuD	0.16217	0.16058	0.017709	0.10082	0.093506	0.092822
CuGiGcGaD	CuGiGcGaD	0.16578	0.15833	0.023466	0.11468	0.10163	0.1022
CuGiGcGdD	CuGiGcGdD	0.16228	0.16059	0.017743	0.10533	0.094501	0.094058
CuGiGuAlD	CuGiGuAlD	0.1132	0.10453	0.050031	0.2418	0.17794	0.17865
CuGiGdAlD	CuGiGdAlD	0.11096	0.10398	0.054004	0.24039	0.17733	0.1801
CuGiGiGuD	CuGiGiGuD	0.52683	0.51701	0.028155	0.15119	0.13627	0.13405
CuGiGiGaD	CuGiGiGaD	0.53722	0.52238	0.059427	0.25628	0.20507	0.18986
CuGiGiGdD	CuGiGiGdD	0.50657	0.50236	0.02637	0.1499	0.13205	0.13125
CuGiGr>GuD	CuGiGr>GuD	0.24375	0.23869	0.022779	0.12529	0.11205	0.11189
CuGiGr>GaD	CuGiGr>GaD	0.24029	0.22849	0.045353	0.18821	0.15137	0.15127
CuGiGr>GdD	CuGiGr>GdD	0.24471	0.23221	0.023876	0.12856	0.11369	0.11407
CuGiGdCtD	CuGiGdCtD	0.10091	0.092667	0.019262	0.084255	0.073982	0.07386
CuGiGdCpD	CuGiGdCpD	0.097388	0.093581	0.013176	0.068967	0.065431	0.06931
CuGiGdDrD	CuGiGdDrD	0.093216	0.08644	0.024989	0.096058	0.070476	0.070728
CuGr>GuCtD	CuGr>GuCtD	0.11779	0.1103	0.020716	0.094566	0.081167	0.08101
CuGr>GuCpD	CuGr>GuCpD	0.11865	0.11188	0.016417	0.071688	0.067342	0.067562
CuGr>GuDrD	CuGr>GuDrD	0.096212	0.093051	0.025863	0.095628	0.061723	0.064922
CuGr>GbCtD	CuGr>GbCtD	0.10543	0.095483	0.014424	0.071198	0.061278	0.063316
CuGr>GbCpD	CuGr>GbCpD	0.10051	0.092832	0.012061	0.061096	0.05779	0.058985
CuGr>GeAlD	CuGr>GeAlD	0.19897	0.19045	0.029644	0.35622	0.27554	0.27633
CuGr>G<rGuD	CuGr>G<rGuD	0.43643	0.45011	0.016816	0.13843	0.12436	0.12395
CuGr>G<rGaD	CuGr>G<rGaD	0.46145	0.49685	0.036501	0.22214	0.18547	0.18815
CuGr>G<rGdD	CuGr>G<rGdD	0.44862	0.44269	0.016981	0.13424	0.1225	0.13502
CuGr>GaDrD	CuGr>GaDrD	0.11061	0.098705	0.027221	0.11139	0.076146	0.07336
CuGr>GcGuD	CuGr>GcGuD	0.1815	0.17	0.016049	0.092722	0.085622	0.086844
CuGr>GcGaD	CuGr>GcGaD	0.18727	0.17542	0.022255	0.10929	0.095519	0.10109
CuGr>GcGdD	CuGr>GcGdD	0.18382	0.1691	0.016101	0.093528	0.084945	0.086452
CuGr>GuAlD	CuGr>GuAlD	0.11594	0.11159	0.03182	0.19796	0.15379	0.15596
CuGr>GdAlD	CuGr>GdAlD	0.11711	0.11029	0.028335	0.20393	0.15513	0.1568
CuGr>GiGuD	CuGr>GiGuD	0.33001	0.32	0.015653	0.12167	0.107	0.10937
CuGr>GiGaD	CuGr>GiGaD	0.3462	0.32933	0.03047	0.17662	0.14876	0.14939
CuGr>GiGdD	CuGr>GiGdD	0.31751	0.31694	0.015778	0.11671	0.10784	0.1074
CuGr>Gr>GuD	CuGr>Gr>GuD	0.32849	0.3205	0.016293	0.12195	0.10983	0.10974
CuGr>Gr>GaD	CuGr>Gr>GaD	0.32615	0.32274	0.028917	0.17431	0.14658	0.15431
CuGr>Gr>GdD	CuGr>Gr>GdD	0.33853	0.31992	0.016082	0.12848	0.11401	0.11135
CuGr>GdCtD	CuGr>GdCtD	0.12014	0.1183	0.021155	0.10407	0.085731	0.083506
CuGr>GdCpD	CuGr>GdCpD	0.12523	0.11974	0.019408	0.07627	0.067299	0.07078
CuGr>GdDrD	CuGr>GdDrD	0.10209	0.09545	0.023172	0.095811	0.065937	0.063594
CuGdCbGuD	CuGdCbGuD	0.055578	0.049273	0.015286	0.045192	0.040953	0.044746
CuGdCbGaD	CuGdCbGaD	0.058382	0.053788	0.019737	0.056997	0.050338	0.050859
CuGdCbGdD	CuGdCbGdD	0.054739	0.050892	0.013487	0.042766	0.043221	0.0406
CuGdCtDrD	CuGdCtDrD	0.040677	0.038453	0.017574	0.041938	0.039057	0.037692
CuGdCpDrD	CuGdCpDrD	0.039447	0.034674	0.012452	0.037139	0.034588	0.032306
CuGdCdGuD	CuGdCdGuD	0.099771	0.088248	0.016076	0.050438	0.044349	0.048423
CuGdCdGaD	CuGdCdGaD	0.10138	0.093107	0.023782	0.06219	0.05563	0.055299
CuGdCdGdD	CuGdCdGdD	0.095165	0.088472	0.017649	0.048403	0.046751	0.04517
CuGdCuGuD	CuGdCuGuD	0.097939	0.092601	0.015605	0.049394	0.046421	0.045509
CuGdCuGaD	CuGdCuGaD	0.10049	0.093777	0.028384	0.064105	0.059101	0.057042
CuGdCuGdD	CuGdCuGdD	0.095554	0.089951	0.018359	0.048469	0.045567	0.046508
CuGdCrCtD	CuGdCrCtD	0.047587	0.044226	0.013046	0.037067	0.037926	0.034939
CuGdCrCpD	CuGdCrCpD	0.048414	0.042034	0.011905	0.037276	0.034957	0.033424
CuGpMFpGuD	CuGpMFpGuD	0.24007	0.23409	0.020684	0.097268	0.074784	0.073692
CuGpMFpGaD	CuGpMFpGaD	0.25275	0.254	0.040263	0.17171	0.10884	0.11018
CuGpMFpGdD	CuGpMFpGdD	0.23505	0.23619	0.021052	0.096237	0.073559	0.0733
CuGdDtCtD	CuGdDtCtD	0.037398	0.03233	0.014379	0.037035	0.032271	0.030404
CuGdDtCpD	CuGdDtCpD	0.039064	0.032382	0.011376	0.031726	0.030768	0.030378
CuGdDuGuD	CuGdDuGuD	0.083751	0.071057	0.019607	0.046308	0.039871	0.039904
CuGdDuGaD	CuGdDuGaD	0.085744	0.072381	0.027701	0.060802	0.043806	0.040893
CuGdDuGdD	CuGdDuGdD	0.073522	0.073951	0.016345	0.04655	0.040948	0.037889
CuGdDpCtD	CuGdDpCtD	0.03688	0.031999	0.011795	0.031789	0.031729	0.031621
CuGdDpCpD	CuGdDpCpD	0.035123	0.033781	0.013204	0.032209	0.030314	0.030781
CuGdDpSpD	CuGdDpSpD	0.044037	0.038883	0.035346	0.059539	0.037191	0.034802
CuGdDdGuD	CuGdDdGuD	0.072503	0.06792	0.017894	0.045768	0.039977	0.040715
CuGdDdGaD	CuGdDdGaD	0.079883	0.071692	0.026836	0.060473	0.043356	0.040825
CuGdDdGdD	CuGdDdGdD	0.078086	0.077245	0.016744	0.048803	0.039762	0.038187
CuGdDaGuD	CuGdDaGuD	0.071877	0.065413	0.016083	0.045711	0.041164	0.038468
CuGdDaGaD	CuGdDaGaD	0.078871	0.070362	0.028258	0.067876	0.043197	0.043329
CuGdDaGdD	CuGdDaGdD	0.066719	0.061915	0.016022	0.04498	0.041026	0.038639
CuGdDlAlD	CuGdDlAlD	0.043798	0.040202	0.027638	0.062959	0.034906	0.036255
CuGdDrDrD	CuGdDrDrD	0.039621	0.034343	0.019736	0.043708	0.031968	0.033763
CuGpBPpGuD	CuGpBPpGuD	0.73792	0.74346	0.023053	0.23953	0.20728	0.20552
CuGpBPpGaD	CuGpBPpGaD	0.75287	0.74939	0.048617	0.44169	0.34735	0.35978
CuGpBPpGdD	CuGpBPpGdD	0.76271	0.75753	0.022181	0.2423	0.21048	0.2119
CrCbGuCtD	CrCbGuCtD	0.041017	0.03883	0.0093203	0.033345	0.031956	0.03384
CrCbGuCpD	CrCbGuCpD	0.039608	0.04083	0.0090699	0.031798	0.030273	0.031721
CrCbGuDrD	CrCbGuDrD	0.040222	0.038199	0.012449	0.039085	0.03277	0.034935
CrCbGbCtD	CrCbGbCtD	0.099837	0.095097	0.013712	0.039464	0.036938	0.03736
CrCbGbCpD	CrCbGbCpD	0.09686	0.095961	0.011371	0.035945	0.035441	0.033793
CrCbGeAlD	CrCbGeAlD	0.091933	0.083852	0.01879	0.19326	0.12682	0.12848
CrCbG<rGuD	CrCbG<rGuD	0.10008	0.094442	0.0098515	0.069928	0.068999	0.065401
CrCbG<rGaD	CrCbG<rGaD	0.10712	0.10873	0.013877	0.08314	0.072738	0.073732
CrCbG<rGdD	CrCbG<rGdD	0.10117	0.096951	0.010488	0.072991	0.066676	0.064068
CrCbGaDrD	CrCbGaDrD	0.053692	0.043454	0.017372	0.049206	0.03975	0.043373
CrCbGcGuD	CrCbGcGuD	0.069785	0.063697	0.010103	0.057023	0.051366	0.055096
CrCbGcGaD	CrCbGcGaD	0.072631	0.065253	0.011741	0.06118	0.053971	0.055906
CrCbGcGdD	CrCbGcGdD	0.071172	0.06369	0.0099211	0.054932	0.053281	0.051261
CrCbGuAlD	CrCbGuAlD	0.055242	0.049854	0.016806	0.09407	0.068736	0.066769
CrCbGdAlD	CrCbGdAlD	0.052883	0.050226	0.017109	0.10276	0.06832	0.067338
CrCbGiGuD	CrCbGiGuD	0.1149	0.10553	0.011341	0.074857	0.072349	0.071798
CrCbGiGaD	CrCbGiGaD	0.12545	0.11293	0.014941	0.096122	0.081214	0.081627
CrCbGiGdD	CrCbGiGdD	0.11335	0.10568	0.010417	0.07978	0.070632	0.068991
CrCbGr>GuD	CrCbGr>GuD	0.11179	0.10512	0.011583	0.069803	0.064602	0.064478
CrCbGr>GaD	CrCbGr>GaD	0.11988	0.1087	0.014041	0.08654	0.07213	0.070431
CrCbGr>GdD	CrCbGr>GdD	0.10938	0.10273	0.011218	0.068862	0.066481	0.064491
CrCbGdCtD	CrCbGdCtD	0.039922	0.036123	0.0090046	0.03604	0.032129	0.032929
CrCbGdCpD	CrCbGdCpD	0.040955	0.035786	0.0087154	0.034066	0.03116	0.030969
CrCbGdDrD	CrCbGdDrD	0.040515	0.03784	0.011326	0.039391	0.033822	0.033221
CrCtDuGuD	CrCtDuGuD	0.052025	0.047065	0.0091984	0.034196	0.030806	0.031102
CrCtDuGaD	CrCtDuGaD	0.055375	0.047915	0.010323	0.03495	0.031661	0.03377
CrCtDuGdD	CrCtDuGdD	0.054088	0.045416	0.0092876	0.032528	0.030444	0.032886
CrCtDpSpD	CrCtDpSpD	0.036793	0.033511	0.012508	0.031374	0.027387	0.027418
CrCtDdGuD	CrCtDdGuD	0.049655	0.044139	0.0089185	0.033154	0.031559	0.030262
CrCtDdGaD	CrCtDdGaD	0.054383	0.048188	0.010102	0.036081	0.032056	0.033311
CrCtDdGdD	CrCtDdGdD	0.050985	0.04672	0.0089862	0.033173	0.030361	0.031192
CrCtDaGuD	CrCtDaGuD	0.069605	0.064394	0.009084	0.032986	0.032818	0.032771
CrCtDaGaD	CrCtDaGaD	0.078673	0.070751	0.011819	0.03989	0.03541	0.037383
CrCtDaGdD	CrCtDaGdD	0.066072	0.060338	0.0090129	0.033221	0.033371	0.03167
CrCtDlAlD	CrCtDlAlD	0.037302	0.035655	0.011868	0.030667	0.028704	0.028809
CrCtDrDrD	CrCtDrDrD	0.028859	0.02737	0.010209	0.026764	0.024598	0.024266
CrCiPCiCtD	CrCiPCiCtD	0.02913	0.027645	0.0086021	0.025491	0.024203	0.02493
CrCiPCiCpD	CrCiPCiCpD	0.029042	0.026015	0.0082004	0.024063	0.022096	0.021444
CrCpDuGuD	CrCpDuGuD	0.049426	0.046403	0.0081189	0.029412	0.029348	0.029022
CrCpDuGaD	CrCpDuGaD	0.051177	0.046272	0.0089359	0.030539	0.030304	0.030432
CrCpDuGdD	CrCpDuGdD	0.047737	0.044615	0.0083003	0.029537	0.029615	0.02917
CrCpDpSpD	CrCpDpSpD	0.035468	0.032766	0.010728	0.027009	0.024639	0.024656
CrCpDdGuD	CrCpDdGuD	0.048128	0.043895	0.0090737	0.03213	0.029673	0.028744
CrCpDdGaD	CrCpDdGaD	0.053644	0.045898	0.0095801	0.033453	0.030793	0.030464
CrCpDdGdD	CrCpDdGdD	0.050523	0.045916	0.0089564	0.032048	0.029006	0.028654
CrCpDaGuD	CrCpDaGuD	0.057698	0.05266	0.0091002	0.032049	0.029433	0.030361
CrCpDaGaD	CrCpDaGaD	0.068534	0.063525	0.010252	0.034615	0.033837	0.033046
CrCpDaGdD	CrCpDaGdD	0.058414	0.053152	0.0088427	0.032505	0.031331	0.031874
CrCpDlAlD	CrCpDlAlD	0.035315	0.03132	0.010502	0.026055	0.023793	0.025165
CrCpDrDrD	CrCpDrDrD	0.02693	0.023787	0.0083594	0.022948	0.022087	0.021761
CrCcSEcCtD	CrCcSEcCtD	0.31637	0.30827	0.01209	0.072896	0.066164	0.065506
CrCcSEcCpD	CrCcSEcCpD	0.32033	0.31095	0.011744	0.061865	0.05983	0.058214
CrCdGuCtD	CrCdGuCtD	0.054987	0.049122	0.010853	0.038195	0.033833	0.036183
CrCdGuCpD	CrCdGuCpD	0.052667	0.048427	0.0091627	0.033046	0.031866	0.032899
CrCdGuDrD	CrCdGuDrD	0.044207	0.041132	0.011752	0.038145	0.033616	0.034808
CrCdGbCtD	CrCdGbCtD	0.041061	0.040131	0.0088263	0.031965	0.03076	0.032089
CrCdGbCpD	CrCdGbCpD	0.041896	0.037858	0.0081785	0.03176	0.029379	0.030655
CrCdGeAlD	CrCdGeAlD	0.10194	0.097722	0.01629	0.19916	0.12984	0.13199
CrCdG<rGuD	CrCdG<rGuD	0.40349	0.41336	0.010349	0.073952	0.06862	0.067774
CrCdG<rGaD	CrCdG<rGaD	0.42933	0.4233	0.015099	0.093074	0.082253	0.081383
CrCdG<rGdD	CrCdG<rGdD	0.41005	0.4013	0.009937	0.074956	0.068225	0.068441
CrCdGaDrD	CrCdGaDrD	0.049968	0.044813	0.012443	0.044718	0.036399	0.03641
CrCdGcGuD	CrCdGcGuD	0.096811	0.088335	0.0095496	0.056976	0.052314	0.052712
CrCdGcGaD	CrCdGcGaD	0.098171	0.091838	0.010941	0.058198	0.056098	0.055126
CrCdGcGdD	CrCdGcGdD	0.093519	0.086517	0.010219	0.056062	0.052871	0.052108
CrCdGuAlD	CrCdGuAlD	0.059858	0.05137	0.014334	0.095447	0.069063	0.07079
CrCdGdAlD	CrCdGdAlD	0.058177	0.05426	0.013807	0.093155	0.071166	0.067973
CrCdGiGuD	CrCdGiGuD	0.20443	0.19775	0.010563	0.074811	0.071673	0.072213
CrCdGiGaD	CrCdGiGaD	0.21548	0.20531	0.013622	0.093035	0.082889	0.083836
CrCdGiGdD	CrCdGiGdD	0.20249	0.19403	0.010014	0.075087	0.06987	0.071086
CrCdGr>GuD	CrCdGr>GuD	0.25312	0.24597	0.010101	0.071225	0.064108	0.065492
CrCdGr>GaD	CrCdGr>GaD	0.25848	0.25179	0.013996	0.085089	0.075825	0.074793
CrCdGr>GdD	CrCdGr>GdD	0.25523	0.24333	0.010407	0.069271	0.064819	0.065298
CrCdGdCtD	CrCdGdCtD	0.080699	0.076279	0.011709	0.043029	0.038223	0.038565
CrCdGdCpD	CrCdGdCpD	0.079328	0.0742	0.0099814	0.037581	0.035967	0.033922
CrCdGdDrD	CrCdGdDrD	0.047857	0.040545	0.011176	0.039958	0.034838	0.034021
CrCuGuCtD	CrCuGuCtD	0.07433	0.070638	0.011316	0.040694	0.040169	0.037752
CrCuGuCpD	CrCuGuCpD	0.071071	0.064993	0.010876	0.037979	0.034638	0.035817
CrCuGuDrD	CrCuGuDrD	0.045349	0.041335	0.012342	0.039205	0.034386	0.036767
CrCuGbCtD	CrCuGbCtD	0.043451	0.041963	0.0092618	0.032833	0.032759	0.03405
CrCuGbCpD	CrCuGbCpD	0.041904	0.040951	0.0088198	0.032362	0.030612	0.033429
CrCuGeAlD	CrCuGeAlD	0.098818	0.090894	0.015024	0.19341	0.1343	0.13228
CrCuG<rGuD	CrCuG<rGuD	0.32275	0.33024	0.0096271	0.070821	0.063003	0.064931
CrCuG<rGaD	CrCuG<rGaD	0.36103	0.34713	0.014457	0.088524	0.078535	0.077226
CrCuG<rGdD	CrCuG<rGdD	0.34016	0.33001	0.0094573	0.06989	0.063969	0.061486
CrCuGaDrD	CrCuGaDrD	0.052498	0.041089	0.011793	0.041369	0.033296	0.034597
CrCuGcGuD	CrCuGcGuD	0.083121	0.078592	0.0089474	0.052599	0.046947	0.04842
CrCuGcGaD	CrCuGcGaD	0.084912	0.080169	0.010859	0.055871	0.053839	0.056155
CrCuGcGdD	CrCuGcGdD	0.090076	0.085204	0.0092163	0.054944	0.054879	0.052057
CrCuGuAlD	CrCuGuAlD	0.059031	0.053804	0.014028	0.097813	0.067203	0.068459
CrCuGdAlD	CrCuGdAlD	0.059317	0.050259	0.014131	0.095024	0.07085	0.073468
CrCuGiGuD	CrCuGiGuD	0.18002	0.17651	0.010381	0.07557	0.073026	0.073157
CrCuGiGaD	CrCuGiGaD	0.18996	0.1818	0.014284	0.091599	0.082056	0.082452
CrCuGiGdD	CrCuGiGdD	0.19014	0.17078	0.0099187	0.074651	0.069558	0.071218
CrCuGr>GuD	CrCuGr>GuD	0.21911	0.21256	0.010947	0.073906	0.069717	0.065659
CrCuGr>GaD	CrCuGr>GaD	0.22212	0.21546	0.013318	0.085964	0.075617	0.072849
CrCuGr>GdD	CrCuGr>GdD	0.21504	0.20775	0.010211	0.069708	0.064222	0.065888
CrCuGdCtD	CrCuGdCtD	0.055297	0.052991	0.01017	0.037206	0.039992	0.038283
CrCuGdCpD	CrCuGdCpD	0.05874	0.04997	0.0090239	0.036322	0.033236	0.033512
CrCuGdDrD	CrCuGdDrD	0.046418	0.041301	0.011011	0.040005	0.032992	0.032343
CrCrCbGuD	CrCrCbGuD	0.05024	0.046009	0.010428	0.036986	0.032525	0.032612
CrCrCbGaD	CrCrCbGaD	0.053748	0.04922	0.013612	0.042064	0.038238	0.045093
CrCrCbGdD	CrCrCbGdD	0.053169	0.046958	0.0093257	0.036012	0.034786	0.033713
CrCrCtDrD	CrCrCtDrD	0.034571	0.03218	0.010505	0.028626	0.027306	0.028209
CrCrCpDrD	CrCrCpDrD	0.035052	0.033061	0.010132	0.030314	0.026567	0.026402
CrCrCdGuD	CrCrCdGuD	0.064194	0.059043	0.01113	0.037483	0.036757	0.038214
CrCrCdGaD	CrCrCdGaD	0.067295	0.060667	0.012669	0.044421	0.039143	0.039609
CrCrCdGdD	CrCrCdGdD	0.064882	0.059587	0.010341	0.036974	0.038046	0.036394
CrCrCuGuD	CrCrCuGuD	0.062526	0.057892	0.010199	0.040709	0.035598	0.035757
CrCrCuGaD	CrCrCuGaD	0.069006	0.060596	0.014437	0.041672	0.041192	0.040671
CrCrCuGdD	CrCrCuGdD	0.06181	0.056874	0.010868	0.040715	0.036872	0.037843
